Academic Department,Course Code,Course Instructor,Course Name,Course Section,ISBN (Normalized),Title Author Combined and Normalized,Publisher,Title,Publication Date
GW - AMST-357,AMST/HIST 2410W - Guglielmo - Fall 2023,"Guglielmo, Thomas",AMST/HIST 2410,,1101217561; 9781101217566; 1594482853; 9781594482854,beautiful things that heaven bears - meng,Penguin Publishing Group,The Beautiful Things That Heaven Bears.,2007.
GW - AMST-357,AMST/HIST 2410W - Guglielmo - Fall 2023,"Guglielmo, Thomas",AMST/HIST 2410,,1541672615; 9781541672611; 9781541672598; 1541672593; 9781541672604; 1541672607,"america for americans a history of xenophobia in the united states - lee,",Basic Books,America for Americans : a history of xenophobia in the United States /,2021.
GW - AMST-357,AMST/HIST 2410W - Guglielmo - Fall 2023,"Guglielmo, Thomas",AMST/HIST 2410,,1781682976; 9781781682975; 9781781681909; 1781681902; 9781781685013; 1781685010,beast riding the rails and dodging narcos on the migrant trail - mart,Verso,The beast : riding the rails and dodging narcos on the migrant trail /,2014.
GW - AMST-357,AMST/HIST 2410W - Guglielmo - Fall 2023,"Guglielmo, Thomas",AMST/HIST 2410,,9780670038329; 0670038326,stealing buddha s dinner a memoir - nguy,Viking,Stealing Buddha's dinner : a memoir /,2007.
GW - AMST-357,AMST/HIST 2410W - Guglielmo - Fall 2023,"Guglielmo, Thomas",AMST/HIST 2410,,9780892552900; 0892552905,bread givers a novel - yezi,Persea Books,Bread givers : a novel /,[2003]
GW - AMST-357,AMST/HIST 2410W - Guglielmo - Fall 2023,"Guglielmo, Thomas",AMST/HIST 2410,,9781594482854; 1594482853; 9781594489402; 1594489408,beautiful things that heaven bears - meng,Riverhead Books,The beautiful things that heaven bears /,2007.
GW - ANTH-53,ANTH 1000 - Kaplan - Fall 2023,"Kaplan, Michael",ANTH 1000,,,avatar -,Lightstorm Entertainment; 20th Century Fox Home Entertainment,Avatar.,2009.
GW - ANTH-53,ANTH 1003 - Cline - Fall 2023,"Cline, Eric",ANTH 1003,,9780691166407; 0691166404,three stones make a wall the story of archaeology - clin,Princeton University Press,Three stones make a wall : the story of archaeology /,[2017]
GW - ANTH-53,ANTH 2008 - Wagner - Fall 2023,"Wagner, Sarah",ANTH 2008,,9780062748218; 0062748211,barracoon the story of the last black cargo - hurs,Amistad an imprint of HarperCollins Publishers,"Barracoon : the story of the last ""black cargo"" /",2019.
GW - ANTH-53,ANTH 2506 - Johnston - Fall 2023,"Johnston, Susan",ANTH 2506,,1281365327; 9781281365323; 9786611365325; 661136532X; 1403981795; 9781403981790; 1403966060; 9781403966063; 140396789X; 9781403967893,sorrow of the lonely and the burning of the dancers - schi,Palgrave Macmillan,The sorrow of the lonely and the burning of the dancers /,2005.
GW - ANTH-53,ANTH 2506 - Johnston - Fall 2023,"Johnston, Susan",ANTH 2506,,1282772759; 9781282772755; 9786612772757; 6612772751; 0520945530; 9780520945531; 0520253159; 9780520253155; 0520260880; 9780520260887,theater in a crowded fire ritual and spirituality at burning man - gilm,University of California Press,Theater in a crowded fire ritual and spirituality at Burning Man /,2010.
GW - ANTH-53,ANTH 2506 - Johnston - Fall 2023,"Johnston, Susan",ANTH 2506,,9780226775425; 0226775429; 9780226775432; 0226775437,in sorcery s shadow a memoir of apprenticeship among the songhay of niger - stol,University of Chicago Press,In sorcery's shadow : a memoir of apprenticeship among the Songhay of Niger /,1987.
GW - ANTH-53,ANTH 2506 - Johnston - Fall 2023,"Johnston, Susan",ANTH 2506,,9780299166748; 0299166740,atlantic celts ancient people or modern invention - jame,University of Wisconsin Press,The Atlantic Celts : ancient people or modern invention? /,[1999]
GW - ANTH-53,ANTH 2506 - Johnston - Fall 2023,"Johnston, Susan",ANTH 2506,,9780520253155; 0520253159; 9780520260887; 0520260880,theater in a crowded fire ritual and spirituality at burning man - gilm,University of California Press,Theater in a crowded fire : ritual and spirituality at Burning Man /,[2010]
GW - ANTH-53,ANTH 2506 - Johnston - Fall 2023,"Johnston, Susan",ANTH 2506,,9781403966063; 1403966060; 9781403967893; 140396789X,sorrow of the lonely and the burning of the dancers - schi,Palgrave Macmillan,The sorrow of the lonely and the burning of the dancers /,2005.
GW - ANTH-53,ANTH 3603 - Subiaul - Fall 2023,"Subiaul, Francys",ANTH 3603,,0521113636; 9780521113632; 0521130565; 9780521130561,introducing psycholinguistics - warr,Cambridge University Press,Introducing psycholinguistics /,2013.
GW - ANTH-53,ANTH 3603 - Subiaul - Fall 2023,"Subiaul, Francys",ANTH 3603,,9780631151210; 0631151214; 9780631151227; 0631151222,anthropological linguistics an introduction - fole,Blackwell Publishers,Anthropological linguistics : an introduction /,1997.
GW - ANTH-53,ANTH 6103 - Blomster - Fall 2023,"Blomster, Jeffrey",ANTH 6103,,9780813030708; 0813030706,archaeology of collective action - sait,University Press of Florida,The archaeology of collective action /,[2007]
GW - ANTH-53,ANTH 6510 - Wagner - Fall 2023,"Wagner, Sarah",ANTH 6510,,0618706410; 9780618706419; 054739117X; 9780547391175; 1606865064; 9781606865064; 1451762747; 9781451762747,things they carried a work of fiction - o'br,Mariner Books/Houghton Mifflin Harcourt,The things they carried : a work of fiction /,2009.
GW - ANTH-53,ANTH 6510 - Wagner - Fall 2023,"Wagner, Sarah",ANTH 6510,,9780140187656; 0140187650,eichmann in jerusalem a report on the banality of evil - aren,Penguin Books,Eichmann in Jerusalem : a report on the banality of evil /,1994.
GW - ANTH-53,ANTH 6510 - Wagner - Fall 2023,"Wagner, Sarah",ANTH 6510,,9780684826806; 0684826801; 9781439506899; 1439506892,survival in auschwitz the nazi assault on humanity - levi,Simon and Schuster,Survival in Auschwitz : the Nazi assault on humanity /,"1996, [1959]"
GW - ANTH-53,ANTH 6510 - Wagner - Fall 2023,"Wagner, Sarah",ANTH 6510,,9780767902892; 0767902890,things they carried a work of fiction - o'br,Broadway Books,The things they carried : a work of fiction /,1998.
GW - ANTH-53,APSC 2057 - Hallaji - Fall 2023,"Hallaji, Milad",APSC 2057,,1259977269; 9781259977268; 1259977277; 9781259977275,vector mechanics for engineers statics - beer,McGraw-Hill Education,Vector mechanics for engineers.,[2019]
GW - ARAB-1909,ARAB 1000 - Oraby - Fall 2023,"Oraby, Ebtissam",ARAB 1000,,,99 -,Teshkeel Comics,The 99.,c2007-
GW - ARAB-1909,ARAB 1000 - Oraby - Fall 2023,"Oraby, Ebtissam",ARAB 1000,,0805094881; 9780805094886,metro a story of cairo - shāf,Henry Holt and Company,Metro : a story of Cairo /,2012.
GW - ARAB-1909,ARAB 1000 - Oraby - Fall 2023,"Oraby, Ebtissam",ARAB 1000,,9781613777527; 1613777523,jinnrise volume one - awan,IDW,Jinnrise.,[2013]
GW - ARAB-1909,ARAB 1001/2001/3001 - Fall 2023,"El-Hefnawy, Dina; Jorgensen, Cory; Oraby, Ebtissam; Sinatora, Francesco; Taher, Nashwa; Tobkin, Jennifer",ARAB 1001/2001/3001,,1589017366; 9781589017368; 9781589017375; 1589017374; 1647121868; 9781647121860; 1647121876; 9781647121877; 9781589019621; 1589019628,al kitaab fii ta allum al arabiyya a textbook for beginning arabic with website part one - بروس,Georgetown University Press,Al-Kitaab fii taʻallum al-ʻArabiyya = A textbook for beginning Arabic with website.,[2021-]
GW - ARAB-1909,ARAB 1001/2001/3001 - Fall 2023,"El-Hefnawy, Dina; Jorgensen, Cory; Oraby, Ebtissam; Sinatora, Francesco; Taher, Nashwa; Tobkin, Jennifer",ARAB 1001/2001/3001,,1647121817; 9781647121815; 1647121825; 9781647121822; 9781647121853; 164712185X,alif ba alif baa introduction to arabic letters and sounds - brus,Georgetown University Press,Ālif bāʼ = Alif baa : introduction to Arabic letters and sounds /,[2021]
GW - ARAB-1909,ARAB 1001/2001/3001 - Fall 2023,"El-Hefnawy, Dina; Jorgensen, Cory; Oraby, Ebtissam; Sinatora, Francesco; Taher, Nashwa; Tobkin, Jennifer",ARAB 1001/2001/3001,,1684119189; 9781684119189; 1684119766; 9781684119769; 9783447020022; 3447020024,dictionary of modern written arabic arabic english - wehr,Snowball Publishing,A dictionary of modern written Arabic : (Arabic-English) /,1993.
GW - ARAB-1909,ARAB 2105 - Oraby - Fall 2023,"Oraby, Ebtissam",ARAB 2105,,9780313329562; 0313329567,food culture in the near east middle east and north africa - hein,Greenwood Press,"Food culture in the Near East, Middle East, and North Africa /",2004.
GW - ASTR-1541,ASTR 1001 - Dhuga - Fall 2023,"Dhuga, Kalvir",ASTR 1001,,0134874366; 9780134874364; 0134990773; 9780134990774; 0134990781; 9780134990781,cosmic perspective - benn,Pearson,The cosmic perspective /,[2020]
GW - ASTR-1541,ASTR 1002 - Razzaque - Fall 2023,"Razzaque, Soebur",ASTR 1002,,0134874366; 9780134874364; 0134990773; 9780134990774; 0134990781; 9780134990781,cosmic perspective - benn,Pearson,The cosmic perspective /,[2020]
GW - BISC-6,BISC 1111 - Manubay - Fall 2023,"Manubay, John",BISC 1111,,0135188741; 9780135188743; 9780135988046; 0135988047,campbell biology -,Pearson,Campbell biology /,[2021]
GW - BISC-6,BISC 2207 - Omotade - Fall 2023,"Omotade, Omotola",BISC 2207,,9780198712558; 0198712553; 9780198795360; 019879536X,genetics genes genomes and evolution - mene,Oxford University Press,"Genetics : genes, genomes, and evolution /",[2017]
GW - BISC-6,BISC 2320 - Malloy - Fall 2023,"Malloy, Cole",BISC 2320,,1605353809; 9781605353807; 160535841X; 9781605358413,neuroscience -,Oxford University Press,Neuroscience /,©2018
GW - BISC-6,BISC 3454 - Gedan - Fall 2023,"Gedan, Keryn",BISC 3454,,9781605352282; 1605352284,marine community ecology and conservation -,Sinauer Associates Inc,Marine community ecology and conservation /,[2014]
GW - BISC-6,BISC 3460 - Gedan - Fall 2023,"Gedan, Keryn",BISC 3460,,1605357146; 9781605357140,conservation biology - card,Oxford University Press,Conservation biology /,[2020]
GW - CAH-2011,CAH 1090 - Lipinski - Fall 2023,"Lipinski, Lisa",CAH 1090,,9780190078331; 0190078332; 9780190078348; 0190078340,themes of contemporary art visual art after 1980 - robe,Oxford University Press,Themes of contemporary art : visual art after 1980 /,[2022]
GW - CAH-2011,CAH 2162W - Obler - Fall 2023,"Obler, Bibiana",CAH 2162W,,9780205988945; 0205988946,photography a cultural history - mari,Pearson,Photography : a cultural history /,[2015]
GW - CAH-2011,CAH 2162W - Obler - Fall 2023,"Obler, Bibiana",CAH 2162W,,9780374521349; 0374521344; 9780809033409; 0809033402,camera lucida reflections on photography - bart,Hill and Wang,Camera lucida : reflections on photography /,1981.
GW - CAH-2011,CAH 2190 - Lee - Fall 2023,"Lee, Jung-Sil",CAH 2190,,0205837638; 9780205837632,asian art - neav,Pearson,Asian art /,[2015]
GW - CAH-2011,CAH 2190 - Lee - Fall 2023,"Lee, Jung-Sil",CAH 2190,,1101545305; 9781101545300; 0143124153; 9780143124153,history of the world in 100 objects - macg,Penguin Publishing Group,A History of the World in 100 Objects.,2011.
GW - CAH-2011,CAH 2190 - Lee - Fall 2023,"Lee, Jung-Sil",CAH 2190,,9780670022700; 0670022705,history of the world in 100 objects - macg,Viking,A history of the world in 100 objects /,2011.
GW - CAH-2011,CAH 3160 - Lipinski - Fall 2023,"Lipinski, Lisa",CAH 3160,,0520344324; 9780520344327,political body stories on art feminism and emancipation in latin america - giun,University of California Press,"The political body : stories on art, feminism, and emancipation in Latin America /",[2023]
GW - CAH-2011,CAH 3160 - Lipinski - Fall 2023,"Lipinski, Lisa",CAH 3160,,9780714832104; 0714832103,latin american art in the twentieth century -,Phaidon Press,Latin American art in the twentieth century /,[1996]
GW - CAH-2011,CAH 3160 - Lipinski - Fall 2023,"Lipinski, Lisa",CAH 3160,,9780810961210; 0810961210; 9780870704246; 0870704249; 9780870704314; 0870704311,latin american artists of the twentieth century -,The Museum of Modern Art,Latin American artists of the twentieth century /,[1993]
GW - CAH-2011,CAH 4189/6270 - Wetenhall - Fall 2023,"Wetenhall, Tanya",CAH 4189,,0140135154; 9780140135152,ways of seeing -,Penguin Books; British Broadcasting Corporation,Ways of seeing /,"c1977, c1972."
GW - CAH-2011,CAH 4189/6270 - Wetenhall - Fall 2023,"Wetenhall, Tanya",CAH 4189,,1501337408; 9781501337406; 9781501337352; 1501337351,survey of historic costume - tort,Fairchild Books Bloomsbury Publishing Inc,Survey of historic costume /,2021.
GW - CAH-2011,CAH 4189/6270 - Wetenhall - Fall 2023,"Wetenhall, Tanya",CAH 4189,,9780520082311; 0520082311; 9780380487776; 0380487772,seeing through clothes - holl,University of California Press,Seeing through clothes /,[1993]
GW - CAH-2011,CAH 4189/6270 - Wetenhall - Fall 2023,"Wetenhall, Tanya",CAH 4189,,9781350032729; 1350032727; 9781350032699; 1350032697; 9781350032736; 1350032735,reading fashion in art - mida,Bloomsbury Publishing; Bloomsbury Visual Arts,Reading fashion in art,2020.
GW - CAH-2011,CAH 6270 - Lipinski - Fall 2023,"Lipinski, Lisa",CAH 6270,,0520344324; 9780520344327,political body stories on art feminism and emancipation in latin america - giun,University of California Press,"The political body : stories on art, feminism, and emancipation in Latin America /",[2023]
GW - CAH-2011,CAH 6270 - Lipinski - Fall 2023,"Lipinski, Lisa",CAH 6270,,9780714832104; 0714832103,latin american art in the twentieth century -,Phaidon Press,Latin American art in the twentieth century /,[1996]
GW - CAH-2011,CAH 6270 - Lipinski - Fall 2023,"Lipinski, Lisa",CAH 6270,,9780810961210; 0810961210; 9780870704246; 0870704249; 9780870704314; 0870704311,latin american artists of the twentieth century -,The Museum of Modern Art,Latin American artists of the twentieth century /,[1993]
GW - CAH-2011,CAH 6400 - Lipinski - Fall 2023,"Lipinski, Lisa",CAH 6400,,0714844055; 9780714844053; 0714864951; 9780714864952,salon to biennial exhibitions that made art history -,Phaidon,Salon to biennial : exhibitions that made art history /,[2008-c2013]
GW - CAH-2011,CAH 6400 - Lipinski - Fall 2023,"Lipinski, Lisa",CAH 6400,,9780070182677; 0070182671,shock of the new seven historic exhibitions of modern art - dunl,American Heritage Press,The shock of the new; seven historic exhibitions of modern art.,[1972]
GW - CAH-2011,CAH 6400 - Lipinski - Fall 2023,"Lipinski, Lisa",CAH 6400,,9780262035521; 0262035529,beyond objecthood the exhibition as a critical form since 1968 - voor,The MIT Press,Beyond objecthood : the exhibition as a critical form since 1968 /,[2017]
GW - CAH-2011,CAH 6400 - Lipinski - Fall 2023,"Lipinski, Lisa",CAH 6400,,9780714864952; 0714864951,biennials and beyond exhibitions that made art history 1962 2002 - alts,Phaidon Press Limited,"Biennials and beyond : exhibitions that made art history, 1962-2002 /",2013.
GW - CAH-2011,CAH 6400 - Lipinski - Fall 2023,"Lipinski, Lisa",CAH 6400,,9780810936379; 0810936372,avant garde in exhibition new art in the 20th century - alts,Abrams,The avant-garde in exhibition : new art in the 20th century /,1994.
GW - CAS-2005,COMM 2100/6100 - Hundal - Fall 2023,"Hundal, Savreen",COMM 2100/6100,,1260254097; 9781260254099; 9781260807653; 1260807657,introducing communication theory analysis and application - west,McGraw-Hill Education,Introducing communication theory : analysis and application /,[2021]
GW - CAS-2005,HIST 1011 - Burns - Fall 2023,"Burns, William",HIST 1011,,0190602694; 9780190602697; 9780190602703; 0190602708,great hanoi rat hunt empire disease and modernity in french colonial vietnam - vann,Oxford University Press,"The great Hanoi rat hunt : empire, disease, and modernity in French colonial Vietnam /",[2019]
GW - CAS-2005,HIST 1011 - Burns - Fall 2023,"Burns, William",HIST 1011,,0674043898; 9780674043893; 0674013123; 9780674013124,two princes of calabar an eighteen century atlantic odyssey - spar,Harvard University Press,The two princes of Calabar : an eighteen century Atlantic odyssey /,[2004]
GW - CAS-2005,HIST 1011 - Burns - Fall 2023,"Burns, William",HIST 1011,,145761815X; 9781457618154,voices of decolonization a brief history with documents - shep,Bedford/St Martin's,Voices of decolonization : a brief history with documents /,[2015]
GW - CAS-2005,HIST 1011 - Burns - Fall 2023,"Burns, William",HIST 1011,,1624664326; 9781624664328; 1624664334; 9781624664335; 1624664342; 9781624664342,matteo ricci and the catholic mission to china 1583 1610 a short history with documents - hsia,Hackett Publishing Company Inc,"Matteo Ricci and the Catholic mission to China, 1583-1610 : a short history with documents /",[2016]
GW - CAS-2005,HIST 1011 - Burns - Fall 2023,"Burns, William",HIST 1011,,1624664342; 9781624664342; 1624664326; 9781624664328,matteo ricci and the catholic mission to china 1583 1610 a short history with documents - hsia,Hackett Publishing Company Inc,"Matteo Ricci and the Catholic Mission to China, 1583-1610 A Short History with Documents",2016.
GW - CAS-2005,HIST 1011 - Burns - Fall 2023,"Burns, William",HIST 1011,,9780674013124; 0674013123; 9780674032057; 0674032055,two princes of calabar an eighteenth century atlantic odyssey - spar,Harvard University Press,The two princes of Calabar : an eighteenth-century Atlantic odyssey /,2004.
GW - CHIN-11,CHIN 1001 - Zhang - Fall 2023,"Zhang, Phyllis",CHIN 1001,,1285433467; 9781285433462,developing chinese fluency an introductory course ni wo ta volume 2 - zhan,Cengage Learning,"Developing Chinese fluency, an introductory course. Ni wo ta /",[2015]
GW - CHIN-11,CHIN 1001 - Zhang - Fall 2023,"Zhang, Phyllis",CHIN 1001,,9781285433530; 128543353X,developing chinese fluency an introductory course ni wo ta volume 1 - zhan,Cengage Learning,"Developing Chinese fluency, an introductory course. Ni wo ta /",[2015]
GW - CHIN-11,CHIN 1001 - Zhang - Fall 2023,"Zhang, Phyllis",CHIN 1001,,9781285456799; 1285456793,developing chinese fluency an introductory course literacy workbook volume 1 - zhan,Centage Learning,Developing Chinese fluency. an introductory course : literacy workbook /,©2015.
GW - CHIN-11,CHIN/WGSS 3136W - Chen - Fall 2023,"Chen, Liana",CHIN/WGSS 3136W,,9781400060283; 1400060281,"snow flower and the secret fan a novel - see,",Random House,Snow flower and the secret fan : a novel /,2005.
GW - CLAS-177,CLAS 3107 - Rollston - Fall 2023,"Rollston, Christopher",CLAS 3107,,0664234976; 9780664234973,everyday law in biblical israel an introduction - west,Westminster John Knox Press,Everyday law in biblical Israel : an introduction /,c2009.
GW - CLAS-177,CLAS 3107 - Rollston - Fall 2023,"Rollston, Christopher",CLAS 3107,,0788503782; 9780788503788,law collections from mesopotamia and asia minor - roth,Scholars Press,Law collections from Mesopotamia and Asia Minor /,c1997.
GW - CLAS-177,CLAS 3107 - Rollston - Fall 2023,"Rollston, Christopher",CLAS 3107,,9780788501043; 0788501046; 9780788501265; 0788501267,law collections from mesopotamia and asia minor - roth,Scholars Press,Law collections from Mesopotamia and Asia Minor /,[1997]
GW - CLAS-177,CLAS 3107 - Rollston - Fall 2023,"Rollston, Christopher",CLAS 3107,,9780801842511; 0801842514; 9780801867156; 0801867150,amarna letters -,Johns Hopkins University Press,The Amarna letters /,[1992]
GW - CLAS-177,CLAS 3115 - Friedland - Fall 2023,"Friedland, Elise",CLAS 3115,,9780521002301; 0521002303; 9780521461436; 052146143X,mosaics of the greek and roman world - dunb,Cambridge University Press,Mosaics of the Greek and Roman world /,1999.
GW - CLAS-177,CLAS 3115 - Friedland - Fall 2023,"Friedland, Elise",CLAS 3115,,9780714109893; 0714109894; 9780714119052; 0714119059,ancient faces mummy portraits from roman egypt - brit,Published for the Trustees of the British Museum by the British Museum Press,Ancient faces : mummy portraits from Roman Egypt /,1997.
GW - CLAS-177,CLAS 3115 - Friedland - Fall 2023,"Friedland, Elise",CLAS 3115,,9780789211255; 0789211254,greek and roman mosaics - papp,Abbeville Press,Greek and Roman mosaics /,2012.
GW - CLAS-177,CLAS 3115 - Friedland - Fall 2023,"Friedland, Elise",CLAS 3115,,9780884023548; 0884023540,dumbarton oaks the collections - dumb,Distributed by Harvard University Press; Published by Dumbarton Oaks Research Library and Collection,Dumbarton Oaks : the collections /,2008.
GW - COMM-301,COMM 1040 - Newbill - Fall 2023,,COMM 1040,,0134380924; 9780134380926,public speaking finding your voice - turn,Pearson,Public speaking : finding your voice /,[2018]
GW - COMM-301,COMM 1040 - Piatt - Fall 2023,"Piatt, Barry",COMM 1040,,,speaker s guidebook text and reference - o'ha,Bedford/St Martin's,A speaker's guidebook : text and reference /,2022
GW - COMM-301,COMM 1040 - Piatt - Fall 2023,"Piatt, Barry",COMM 1040,,1478634898; 9781478634898,rhetorical criticism exploration and practice - foss,Waveland Press,Rhetorical criticism : exploration and practice /,[2018]
GW - COMM-301,COMM 1041 - Chaaban - Fall 2023,"Chaaban, Nader",COMM 1041,,0136968473; 9780136968474; 1292439556; 9781292439556; 9781292439600; 1292439602,interpersonal communication book - devi,Pearson,The interpersonal communication book /,[2022]
GW - COMM-301,COMM 1041 - Kennedy - Fall 2023,"Kennedy, Colleen",COMM 1041,,9780134877174; 0134877179,interpersonal communication relating to others - beeb,Pearson,Interpersonal communication : relating to others /,2020.
GW - COMM-301,COMM 1041 - Robbins - Fall 2023,"Robbins, Kellis",COMM 1041,,9780134877174; 0134877179,interpersonal communication relating to others - beeb,Pearson,Interpersonal communication : relating to others /,2020.
GW - COMM-301,COMM 1041 - Weiner - Fall 2023,"Weiner, Abbie",COMM 1041,,9780134877174; 0134877179,interpersonal communication relating to others - beeb,Pearson,Interpersonal communication : relating to others /,2020.
GW - COMM-301,COMM 6190 - Debebe - Fall 2023,"Debebe, Gelaye",COMM 6190,,0471174661; 9780471174660,dialogue rediscover the transforming power of conversation - elli,J Wiley & Sons,Dialogue : rediscover the transforming power of conversation /,[1998]
GW - CORC-1935,CIAR 3250 - Crawford - Fall 2023,"Crawford, Kent",CIAR 3250,,111937720X; 9781119377207; 9781119468578; 1119468574; 9781119468530; 1119468531,interior design illustrated - chin,John Wiley & Sons Inc,Interior design illustrated /,[2018]
GW - CORC-1935,CSA 3712 - McAleer-Keeler - Fall 2023,"McAleer-Keeler, Kerry",CSA 3712,,9780978588144; 0978588142,general printing - clee,Liber Apertus Press,General printing /,2006.
GW - ECON-18,ECON 1012 - Bird - Fall 2023,"Bird, Ronald",ECON 1012,,0357723066; 9780357723067,brief principles of macroeconomics - mank,Cengage Learning,Brief principles of macroeconomics /,2024
GW - ECON-18,ECON 2101 - Joshi - Fall 2023,"Joshi, Sumit",ECON 2101,,0134184246; 9780134184241; 0134167120; 9780134167121,microeconomics - pind,Pearson,Microeconomics /,[2018]
GW - ECON-18,ECON 2101 - Malik - Fall 2023,"Malik, Arun",ECON 2101,,9781118488874; 1118488873; 9781118572276; 1118572270,microeconomics - besa,Wiley,Microeconomics /,[2014]
GW - ECON-18,ECON 2151 - Fall 2023,,ECON 2151,,129229115X; 9781292291154; 1292291206; 9781292291208; 9781292291192; 1292291192,economic development - toda,Pearson,Economic development /,2020.
GW - ECON-18,ECON 2151 - Fall 2023,,ECON 2151,,9780133406788; 0133406784,economic development - toda,Pearson,Economic development /,[2015]
GW - ECON-18,ECON 2199 - Chiswick - Fall 2023,"Chiswick, Barry",ECON 2199,,0367346974; 9780367346973; 0367346982; 9780367346980; 9781000397871; 1000397874; 9781000397857; 1000397858; 9780429327209; 042932720X,modern labor economics theory and public policy - smit,Routledge,Modern labor economics : theory and public policy /,2023.
GW - ECON-18,ECON 8341 - Chiswick - Fall 2023,"Chiswick, Barry",ECON 8341,,0367346974; 9780367346973; 0367346982; 9780367346980; 9781000397871; 1000397874; 9781000397857; 1000397858; 9780429327209; 042932720X,modern labor economics theory and public policy - smit,Routledge,Modern labor economics : theory and public policy /,2023.
GW - ENGL-22,ENGL 1315 - Dugan - Fall 2023,"Dugan, Holly",ENGL 1315,,9780140439052; 0140439056,christmas carol and other christmas writings - dick,Rowland Phototypesetting Ltx; Lays Limited; Penguin Books,"A Christmas carol, and other Christmas writings /",2003.
GW - ENGL-22,ENGL 1315 - Dugan - Fall 2023,"Dugan, Holly",ENGL 1315,,9780439023481; 0439023483; 9780439023528; 0439023521; 9780545310581; 054531058X; 9780545425117; 0545425115; 9781451740752; 1451740751,hunger games - coll,Scholastic Press,The Hunger Games /,2008.
GW - ENGL-22,ENGL 1315 - Dugan - Fall 2023,"Dugan, Holly",ENGL 1315,,9780684801520; 0684801523,great gatsby - fitz,Scribner Paperback Fiction,The great Gatsby /,1995.
GW - ENGL-22,ENGL 1315 - Dugan - Fall 2023,"Dugan, Holly",ENGL 1315,,9781594486685; 1594486689; 9781594487293; 1594487294,how to get filthy rich in rising asia - hami,Riverhead Books,How to Get Filthy Rich in Rising Asia /,2013.
GW - ENGL-22,ENGL 1360/WGSS 3170 - Chu - Fall 2023,"Chu, Patricia",ENGL 1360/WGSS 3170,,0393602974; 9780393602975,classic fairy tales texts criticism -,WW Norton & Company,"The classic fairy tales : texts, criticism /",[2017]
GW - ENGL-22,ENGL 1360/WGSS 3170 - Chu - Fall 2023,"Chu, Patricia",ENGL 1360/WGSS 3170,,1577315936; 9781577315933,hero with a thousand faces - camp,New World Library,The hero with a thousand faces /,[2008]
GW - ENGL-22,ENGL 1360/WGSS 3170 - Chu - Fall 2023,"Chu, Patricia",ENGL 1360/WGSS 3170,,1603292624; 9781603292627; 9781603292634; 1603292632; 1603292659; 9781603292658; 9781603292641; 1603292640,mla handbook -,The Modern Language Association of America,MLA Handbook /,[2016]
GW - ENGL-22,ENGL 1360/WGSS 3170 - Chu - Fall 2023,"Chu, Patricia",ENGL 1360/WGSS 3170,,9780140440928; 0140440925,sir gawain and the green knight -,Penguin,Sir Gawain and the Green Knight /,1974.
GW - ENGL-22,ENGL 1360/WGSS 3170 - Chu - Fall 2023,"Chu, Patricia",ENGL 1360/WGSS 3170,,9780375866562; 0375866566; 9780375966569; 0375966560; 9780375896583; 0375896589,seraphina a novel - hart,Random House,Seraphina : a novel /,[2012]
GW - ENGL-22,ENGL 1360/WGSS 3170 - Chu - Fall 2023,"Chu, Patricia",ENGL 1360/WGSS 3170,,9780394751047; 0394751043,king must die - rena,Vintage Books,The king must die /,"1988, ©1986."
GW - ENGL-22,ENGL 1360/WGSS 3170 - Chu - Fall 2023,"Chu, Patricia",ENGL 1360/WGSS 3170,,9780743261647; 074326164X; 9780743261692; 0743261690,gilgamesh a new english version -,Free Press,Gilgamesh : a new English version /,[2004]
GW - ENGL-22,ENGL 1360/WGSS 3170 - Chu - Fall 2023,"Chu, Patricia",ENGL 1360/WGSS 3170,,9780807083055; 0807083054,kindred - butl,Beacon Press,Kindred /,[1988]
GW - ENGL-22,ENGL 2100/AMST 2490/WGSS 3170 - Chu - Fall 2023,"Chu, Patricia",ENGL 2100/AMST 2490/WGSS 3170,,0156034026; 9780156034029,reluctant fundamentalist - hami,Houghton Mifflin Harcourt,The reluctant fundamentalist /,"2008, c2007."
GW - ENGL-22,ENGL 2100/AMST 2490/WGSS 3170 - Chu - Fall 2023,"Chu, Patricia",ENGL 2100/AMST 2490/WGSS 3170,,0190219769; 9780190219765; 9780190219789; 0190219785; 0190219793; 9780190219796,"asian american history a very short introduction - hsu,",Oxford University Press,Asian American history : a very short introduction /,[2017]
GW - ENGL-22,ENGL 2100/AMST 2490/WGSS 3170 - Chu - Fall 2023,"Chu, Patricia",ENGL 2100/AMST 2490/WGSS 3170,,0295745916; 9780295745916; 0295745908; 9780295745909,fifth chinese daughter - jade,University of Washington Press,Fifth Chinese Daughter,2019
GW - ENGL-22,ENGL 2100/AMST 2490/WGSS 3170 - Chu - Fall 2023,"Chu, Patricia",ENGL 2100/AMST 2490/WGSS 3170,,0307787818; 9780307787811; 0679723285; 9780679723288,china men - king,Vintage Books,China men /,1989
GW - ENGL-22,ENGL 2100/AMST 2490/WGSS 3170 - Chu - Fall 2023,"Chu, Patricia",ENGL 2100/AMST 2490/WGSS 3170,,0316324469; 9780316324465,disgraced a play - akht,Back Bay Books/Little Brown and Co,Disgraced : a play /,2013.
GW - ENGL-22,ENGL 2100/AMST 2490/WGSS 3170 - Chu - Fall 2023,"Chu, Patricia",ENGL 2100/AMST 2490/WGSS 3170,,0525575111; 9780525575115,i was their american dream a graphic memoir - ghar,Clarkson Potter,I was their American dream : a graphic memoir /,[2019]
GW - ENGL-22,ENGL 2100/AMST 2490/WGSS 3170 - Chu - Fall 2023,"Chu, Patricia",ENGL 2100/AMST 2490/WGSS 3170,,110191128X; 9781101911280,twilight los angeles 1992 on the road a search for american character - smit,Anchor Books,"Twilight, Los Angeles, 1992 : on the road : a search for American character /",[2014]
GW - ENGL-22,ENGL 2100/AMST 2490/WGSS 3170 - Chu - Fall 2023,"Chu, Patricia",ENGL 2100/AMST 2490/WGSS 3170,,1419718770; 9781419718779; 1613129300; 9781613129302,"best we could do an illustrated memoir - bui,",Abrams ComicArts,The best we could do : an illustrated memoir /,[2017]
GW - ENGL-22,ENGL 2100/AMST 2490/WGSS 3170 - Chu - Fall 2023,"Chu, Patricia",ENGL 2100/AMST 2490/WGSS 3170,,163405976X; 9781634059763,"we hereby refuse japanese american resistance to wartime incarceration - abe,",Chin Music Press; Wing Luke Museum,We hereby refuse : Japanese American resistance to wartime incarceration /,[2021]
GW - ENGL-22,ENGL 2100/AMST 2490/WGSS 3170 - Chu - Fall 2023,"Chu, Patricia",ENGL 2100/AMST 2490/WGSS 3170,,1984820370; 9781984820372; 9781984820365; 1984820362,minor feelings an asian american reckoning - hong,One World,Minor feelings : an Asian American reckoning /,[2020]
GW - ENGL-22,ENGL 2100/AMST 2490/WGSS 3170 - Chu - Fall 2023,"Chu, Patricia",ENGL 2100/AMST 2490/WGSS 3170,,9780385473750; 0385473753; 9780385473767; 0385473761,twilight los angeles 1992 on the road a search for american character - smit,Anchor Books,"Twilight--Los Angeles, 1992 on the road : a search for American character /",1994.
GW - ENGL-22,ENGL 2100/AMST 2490/WGSS 3170 - Chu - Fall 2023,"Chu, Patricia",ENGL 2100/AMST 2490/WGSS 3170,,9781439920534; 1439920532; 9781439920510; 1439920516; 1439920524; 9781439920527,passing for perfect college impostors and other model minorities - ninh,Temple University Press,Passing for perfect : college impostors and other model minorities /,2021.
GW - ENGL-22,ENGL 2460 - Hartman - Fall 2023,"Hartman, Virginia",ENGL 2460,,0063244306; 9780063244306,no sweet without brine poems - mani,Amistad an imprint of HarperCollins Publishers,No sweet without brine : poems /,[2023]
GW - ENGL-22,ENGL 2460 - Hartman - Fall 2023,"Hartman, Virginia",ENGL 2460,,022661655X; 9780226616551; 022661669X; 9780226616698; 9780226616728; 022661672X,writing fiction a guide to narrative craft - burr,The University of Chicago Press,Writing fiction : a guide to narrative craft /,2019.
GW - ENGL-22,ENGL 2460 - Hartman - Fall 2023,"Hartman, Virginia",ENGL 2460,,0374610487; 9780374610487; 0374613044; 9780374613044,absolution - mcde,Farrar Straus and Giroux,Absolution /,2023.
GW - ENGL-22,ENGL 2711W - Sugathan - Fall 2023,"Sugathan, Leenu",ENGL 2711W,,9789382579014; 938257901X,this side that side restorying partition graphic narratives from pakistan india bangladesh -,Yoda Press,"This side, that side : restorying partition : graphic narratives from Pakistan, India, Bangladesh /",[2013]
GW - FILM-2098,FILM 2153 - Shull - Fall 2023,"Shull, Michael",FILM 2153,,1281346470; 9781281346476; 9786611346478; 6611346473; 0191518182; 9780191518188; 0198742428; 9780198742425; 0198112572; 9780198112570,oxford history of world cinema -,Oxford University Press,The Oxford history of world cinema,1996.
GW - FILM-2098,FILM 2153 - Shull - Fall 2023,"Shull, Michael",FILM 2153,,9780198112570; 0198112572; 9780198742425; 0198742428,oxford history of world cinema -,Oxford University Press,The Oxford history of world cinema /,1996.
GW - GEOG-112,GEOG 1002 - Shiklomanov - Fall 2023,"Shiklomanov, Nikolay",GEOG 1002,,0135827140; 9780135827147,mcknight s physical geography a landscape appreciation - hess,Pearson,McKnight's physical geography : a landscape appreciation /,[2022]
GW - GEOG-112,GEOG 1003 - Odell - Fall 2023,"Odell, Scott",GEOG 1003,,1405189320; 9781405189323; 9781405189316; 1405189312; 9781118241059; 1118241053; 9781118241004; 1118241002; 9781118240984; 1118240987; 1118240952; 9781118240953; 1118240936; 9781118240939,introduction to human environment geography local dynamics and global processes - mose,Wiley-Blackwell,An introduction to human-environment geography : local dynamics and global processes /,[2014]
GW - GEOG-112,GEOG 2104 - Hinton - Fall 2023,"Hinton, Richard",GEOG 2104,,1453337628; 9781453337622,essentials of geographic information systems - shin,FlatWorld,Essentials of geographic information systems /,[2022]
GW - GEOG-112,GEOG 2120 - Price - Fall 2023,"Price, Marie",GEOG 2120,,0134898397; 9780134898391,globalization and diversity geography of a changing world - pric,Pearson Education Inc,Globalization and diversity : geography of a changing world /,[2020]
GW - GEOL-65,GEOL 1005 - Nassar - Fall 2023,"Nassar, Peter",GEOL 1005,,1264094728; 9781264094721; 1266715967; 9781266715969; 9781266716768; 1266716769,environmental geology - mont,McGraw Hill LLC,Environmental geology /,[2023]
GW - GER-119,GER 3185 - Stein - Fall 2023,"Stein, Mary Beth",GER 3185,,9780151007646; 0151007640,crabwalk - gras,Harcourt,Crabwalk /,[2002]
GW - GER-119,GER 3185 - Stein - Fall 2023,"Stein, Mary Beth",GER 3185,,9780226041278; 0226041271,bronstein s children - beck,University of Chicago Press,Bronstein's children /,1999.
GW - GER-119,GER 3185 - Stein - Fall 2023,"Stein, Mary Beth",GER 3185,,9780374103743; 0374103747,in my brother s shadow a life and death in the ss - timm,Farrar Straus Giroux,In my brother's shadow : a life and death in the SS /,[2005]
GW - HIST-51,HIST 1310 - Goetz - Fall 2023,"Goetz, Matthew",HIST 1310,,0357022319; 9780357022313; 0357020758; 9780357020753,liberty equality power a history of the american people to 1877 volume 1 - murr,Cengage,"Liberty, equality, power : a history of the American people.",2018
GW - HIST-51,HIST 1310 - Goetz - Fall 2023,"Goetz, Matthew",HIST 1310,,9780670022960; 0670022969,american nations a history of the eleven rival regional cultures of north america - wood,Viking,American nations : a history of the eleven rival regional cultures of North America /,2011.
GW - HIST-51,HIST 3186 - Harrison - Fall 2023,"Harrison, Hope",HIST 3186,,9781474262415; 1474262414; 1474262422; 9781474262422; 9781474262439; 1474262430; 9781474262446; 1474262449,germany since 1945 politics culture and society - cald,Bloomsbury Academic,"Germany since 1945 : politics, culture, and society /",2018.
GW - HIST-51,HIST 3303 - Goetz - Fall 2023,"Goetz, Matthew",HIST 3303,,1138892041; 9781138892040; 113889205X; 9781138892057; 9781315709369; 1315709368,revolutionary america 1763 1815 a political history - cogl,Routledge Taylor & Francis Group,"Revolutionary America, 1763-1815 : a political history /",2017.
GW - HIST-51,HIST 3303 - Goetz - Fall 2023,"Goetz, Matthew",HIST 3303,,9780415537568; 0415537568; 9780415537575; 0415537576,american revolution reader -,Routledge,The American Revolution reader /,2014.
GW - HIST-51,HIST 3304 - Brunsman - Fall 2023,"Brunsman, Denver",HIST 3304,,,lives bound together slavery at washington s mount vernon - scho,,Lives bound together: slavery at Washington's Mount Vernon,2016
GW - HIST-51,HIST 3304 - Brunsman - Fall 2023,"Brunsman, Denver",HIST 3304,,9780393060324; 0393060322,revolution mapping the road to american independence 1755 1783 - rich,,Revolution : mapping the road to American independence 1755-1783,2015
GW - HIST-51,HIST 3304 - Brunsman - Fall 2023,"Brunsman, Denver",HIST 3304,,9780674246386; 0674246381,washington at the plow the founding farmer and the question of slavery - rags,,Washington at the plow: the founding farmer and the question of slavery,2021
GW - HIST-51,HIST 3304 - Brunsman - Fall 2023,"Brunsman, Denver",HIST 3304,,9780735224100; 0735224102,"you never forget your first a biography of george washington - coe,",,You never forget your first : a biography of George Washington,2020
GW - HIST-51,HIST 3304 - Brunsman - Fall 2023,"Brunsman, Denver",HIST 3304,,9781335449511; 1335449515,first family - good,,First family,2023
GW - HIST-51,HIST 3304 - Brunsman - Fall 2023,"Brunsman, Denver",HIST 3304,,9781555952686; 1555952682,george washington collection fine and decorative arts at mount vernon - cado,Distributed in the United States by National Book Networks; Hudson Hills Press,The George Washington collection : fine and decorative arts at Mount Vernon /,[2006]
GW - HIST-51,HIST 3324 - Klemek - Fall 2023,"Klemek, Christopher",HIST 3324,,9780252008801; 0252008804,lives of their own blacks italians and poles in pittsburgh 1900 1960 - bodn,University of Illinois Press,"Lives of their own : Blacks, Italians, and Poles in Pittsburgh, 1900-1960 /",[1982]
GW - HIST-51,HIST 3324 - Klemek - Fall 2023,"Klemek, Christopher",HIST 3324,,9780252013782; 0252013786,work and community in the jungle chicago s packinghouse workers 1894 1922 - barr,University of Illinois Press,"Work and community in the jungle : Chicago's packinghouse workers, 1894-1922 /",[1987]
GW - HIST-51,HIST 3324 - Klemek - Fall 2023,"Klemek, Christopher",HIST 3324,,9780300048483; 0300048483,constructing chicago - blue,Yale University Press,Constructing Chicago /,[1991]
GW - HIST-51,HIST 3324 - Klemek - Fall 2023,"Klemek, Christopher",HIST 3324,,9780521343749; 0521343747; 9780521387392; 0521387396,new face on the countryside indians colonists and slaves in south atlantic forests 1500 1800 - silv,Cambridge University Press,"A new face on the countryside : Indians, colonists, and slaves in South Atlantic forests, 1500-1800 /",1990.
GW - HIST-51,HIST 3324 - Klemek - Fall 2023,"Klemek, Christopher",HIST 3324,,9780812277470; 0812277473,roots of the american working class the industrialization of crafts in newark 1800 1860 - hirs,University of Pennsylvania Press,"Roots of the American working class : the industrialization of crafts in Newark, 1800-1860 /",1978.
GW - HIST-51,HIST 3324 - Klemek - Fall 2023,"Klemek, Christopher",HIST 3324,,9780938420750; 0938420755,chesapeake an environmental biography - wenn,Maryland Historical Society,The Chesapeake : an environmental biography /,[2001]
GW - HIST-51,HIST 6030 - Harrison - Fall 2023,"Harrison, Hope",HIST 6030,,0197575501; 9780197575505; 9780197575529; 0197575528,sparks china s underground historians and their battle for the future - john,Oxford University Press,Sparks : China's underground historians and their battle for the future /,[2023]
GW - HIST-51,HIST 6602 - Hopkins - Fall 2023,"Hopkins, Benjamin",HIST 6602,,9780226767765; 0226767760; 9780226767772; 0226767779,"comfort women sexual violence and postcolonial memory in korea and japan - soh,",University of Chicago Press,The comfort women : sexual violence and postcolonial memory in Korea and Japan /,[2008]
GW - HIST-51,HIST 6602 - Hopkins - Fall 2023,"Hopkins, Benjamin",HIST 6602,,9780393320275; 0393320278,embracing defeat japan in the wake of world war ii - dowe,WW Norton and Company/New Press,Embracing defeat : Japan in the wake of World War II /,2000.
GW - HIST-51,HIST 6602 - Hopkins - Fall 2023,"Hopkins, Benjamin",HIST 6602,,9780747558040; 0747558043,long shadows truth lies and history - pari,Bloomsbury,"Long shadows : truth, lies and history /",2002.
GW - HIST-51,HIST 6602 - Hopkins - Fall 2023,"Hopkins, Benjamin",HIST 6602,,9780802777683; 0802777686; 9780802779236; 0802779239,mao s great famine the history of china s most devastating catastrophe 1958 1962 - diko,Walker and Company,"Mao's great famine : the history of China's most devastating catastrophe, 1958-1962 /",2010.
GW - HOL-1570,HOL 8724 - Nakamura - Fall 2023,"Nakamura, Yoshie",HOL 8724,,1506386709; 9781506386706; 1506386768; 9781506386768; 9781506386683; 1506386687,research design qualitative quantitative and mixed methods approaches - cres,SAGE Publications Inc,"Research design : qualitative, quantitative, and mixed methods approaches /",[2018]
GW - HOL-1570,HOL 8724 - Nakamura - Fall 2023,"Nakamura, Yoshie",HOL 8724,,9781433832178; 1433832178; 9781433832161; 143383216X; 9781433832154; 1433832151,publication manual of the american psychological association the official guide to apa style -,American Psychological Association,Publication manual of the American Psychological Association : the official guide to APA style.,2020.
GW - HOL-1570,HOL 8724 - Nakamura - Fall 2023,"Nakamura, Yoshie",HOL 8724,,9781506330204; 1506330207,qualitative inquiry research design choosing among five approaches - cres,SAGE,Qualitative inquiry & research design : choosing among five approaches /,2018.
GW - IAFF-58,IAFF 2190W - Beyoghlow - Fall 2023,"Beyoghlow, Kamal",IAFF 2190W,,1071844466; 9781071844465; 9781071844489; 1071844482,middle east -,CQ Press; Sage,The Middle East /,2023.
GW - IAFF-58,IAFF 3172 - Hakizimana - Fall 2023,"Hakizimana, Gedeon",IAFF 3172,,0745687210; 9780745687216; 0745687229; 9780745687223,contemporary conflict resolution the prevention management and transformation of deadly conflicts - rams,Polity Press,"Contemporary conflict resolution : the prevention, management and transformation of deadly conflicts /",2016.
GW - IAFF-58,IAFF 3172 - Lazarus - Fall 2023,"Lazarus, Edward",IAFF 3172,,0745687210; 9780745687216; 0745687229; 9780745687223,contemporary conflict resolution the prevention management and transformation of deadly conflicts - rams,Polity Press,"Contemporary conflict resolution : the prevention, management and transformation of deadly conflicts /",2016.
GW - IAFF-58,IAFF 3172 - Lazarus - Fall 2023,"Lazarus, Edward",IAFF 3172,,9780072855357; 0072855355,social conflict escalation stalemate and settlement - prui,McGraw-Hill,"Social conflict : escalation, stalemate, and settlement.",[2004]
GW - IAFF-58,IAFF 3182 - Sutter - Fall 2023,"Sutter, Robert",IAFF 3182,,150953749X; 9781509537495; 9781509537518; 1509537511,world according to china - econ,Polity,The world according to China /,2022.
GW - IAFF-58,IAFF 3182 - Sutter - Fall 2023,"Sutter, Robert",IAFF 3182,,1509546510; 9781509546510; 9781509546527; 1509546529,china s leaders from mao to now - sham,Polity,China's leaders : from Mao to now /,2021.
GW - IAFF-58,IAFF 3182 - Sutter - Fall 2023,"Sutter, Robert",IAFF 3182,,9781503634152; 1503634159; 9781503634145; 1503634140,dragon roars back transformational leaders and dynamics of chinese foreign policy - zhao,Stanford University Press,The dragon roars back : transformational leaders and dynamics of Chinese foreign policy /,[2023]
GW - IAFF-58,IAFF 3186 - Keidel - Fall 2023,"Keidel, Albert",IAFF 3186,,9789811230486; 981123048X,china s economic challenge unconventional success - keid,World Scientific Publishing Co,China's economic challenge: unconventional success,2022
GW - IAFF-58,IAFF 6118 - Bennett - Fall 2023,"Bennett, Yan",IAFF 6118,,9789280812305; 9280812300; 9789280871999; 9280871994,transforming the united nations system designs for a workable world - schw,United Nations University Press,Transforming the United Nations system : designs for a workable world /,[2013]
GW - IAFF-58,IAFF 6118 - Gray - Fall 2023,"Gray, Gordon",IAFF 6188,,1250217032; 9781250217035; 9781250217042; 1250217040,losing the long game the false promise of regime change in the middle east - gord,St Martin's Press,Losing the long game : the false promise of regime change in the Middle East /,2020.
GW - IAFF-58,IAFF 6118 - Gray - Fall 2023,"Gray, Gordon",IAFF 6188,,9780374299286; 0374299285,statecraft and how to restore america s standing in the world - ross,Farrar Straus and Giroux,Statecraft : and how to restore America's standing in the world /,2007.
GW - IAFF-58,IAFF 6358/3187 - Abente Brun - Fall 2023,"Abente Brun, Diego",IAFF 6358/3187,,0190611340; 9780190611347,democracy in latin america political change in comparative perspective - smit,Oxford University Press,Democracy in Latin America : political change in comparative perspective /,[2017]
GW - IAFF-58,IAFF 6358/3187 - Abente Brun - Fall 2023,"Abente Brun, Diego",IAFF 6358/3187,,0190674652; 9780190674656; 0190674679; 9780190674670,modern latin america - smit,Oxford University Press,Modern Latin America /,[2019]
GW - IAFF-58,IAFF 6358/3187 - Abente Brun - Fall 2023,"Abente Brun, Diego",IAFF 6358/3187,,1509540016; 9781509540013; 1509540024; 9781509540020; 9781509540037; 1509540032,new latin america - cald,Polity Press,The new Latin America /,[2020]
GW - IAFF-58,IAFF 6358/3187 - Abente Brun - Fall 2023,"Abente Brun, Diego",IAFF 6358/3187,,9781588267610; 158826761X; 9781588267863; 1588267865,quality of democracy in latin america -,Lynne Rienner Publishers,The quality of democracy in Latin America /,2011.
GW - IBUS-1471,IBUS 3001 - Kulathunga - Fall 2023,"Kulathunga, Anoma",IBUS 3001,,9781264383870; 1264383878; 9781260387544; 1260387542,international business competing in the global marketplace - hill,McGraw-Hill/Irwin,International business : competing in the global marketplace /,[2023]
GW - MAE-318,MAE 3166W - Leng - Fall 2023,"Leng, Yongsheng",MAE 3166,,0470419970; 9780470419977; 0470556730; 9780470556733,materials science and engineering an introduction - call,John Wiley & Sons Inc,Materials science and engineering : an introduction /,[2010]
GW - MATH-180,MATH 1007 - Fall 2023,"Foroozan, Farshad; Pohrivchak, Michael; Schmitt, William",MATH 1007,,9781498798860; 1498798861,mathematics of politics - robi,CRC Press Taylor & Francis group,The mathematics of politics /,[2017]
GW - MATH-180,MATH 1009 - Fall 2023,"Dunn, Eric; Przytycki, Jozef",MATH 1009,,9781464124730; 1464124736; 9781464124839; 1464124833,for all practical purposes mathematical literacy in today s world -,WH Freeman and Co,For all practical purposes : mathematical literacy in today's world /,2016.
GW - MATH-180,MATH 1051 - Foroozan - Fall 2023,"Foroozan, Farshad",MATH 1051,,1319055702; 9781319055707,for all practical purposes mathematical literacy in today s world -,Macmillan Learning WH Freeman and Company,For all practical purposes : mathematical literacy in today's world /,[2022]
GW - MATH-180,MATH 1220 - Roosevelt - Fall 2023,"Roosevelt, Sharon",MATH 1220,,9780321671042; 032167104X,just in time algebra and trigonometry for calculus - muel,Pearson Education,Just-in-time algebra and trigonometry for calculus /,[2013]
GW - ORSC-1465,ORSC 1109 - Costanza - Fall 2023,"Costanza, David",ORSC 1109,,0132729946; 9780132729949; 0273765604; 9780273765608; 1299924409; 9781299924406,organizational theory design and change - jone,Pearson,"Organizational theory, design, and change /",[2013]
GW - ORSC-1465,ORSC 6209 - Debebe - Fall 2023,"Debebe, Gelaye",ORSC 6209,,0875845630; 9780875845630,mary parker follett prophet of management a celebration of writings from the 1920s -,Harvard Business School Press,Mary Parker Follett--prophet of management : a celebration of writings from the 1920s /,c1995.
GW - ORSC-1465,ORSC 6209 - Debebe - Fall 2023,"Debebe, Gelaye",ORSC 6209,,9780132663540; 0132663546; 9780138990220; 0138990220,organizations rational natural and open systems - scot,Prentice Hall,"Organizations : rational, natural, and open systems /",[1998]
GW - ORSC-1465,ORSC 6243/2143 - Debebe - Fall 2023,"Debebe, Gelaye",ORSC 6243/2143,,0471174661; 9780471174660,dialogue rediscover the transforming power of conversation - elli,J Wiley & Sons,Dialogue : rediscover the transforming power of conversation /,[1998]
GW - PAD-61,PPPA 6006 - Linquiti - Fall 2023,"Linquiti, Peter",PPPA 6006,,1544372604; 9781544372600; 9781544372631; 1544372639; 9781544372617; 1544372612,rebooting policy analysis strengthening the foundation expanding the scope - linq,Sage Publications/CQ Press,"Rebooting policy analysis : strengthening the foundation, expanding the scope /",[2023]
GW - PAD-61,PPPA 6006 - Linquiti - Fall 2023,"Linquiti, Peter",PPPA 6006,,9781544372600; 1544372604,rebooting policy analysis strengthening the foundation expanding the scope -,,"Rebooting Policy Analysis: Strengthening the Foundation, Expanding the Scope",9999
GW - PAD-61,PPPA 6066 - Linquiti - Fall 2023,"Linquiti, Peter",PPPA 6066,,,economics and the environment - eban,Wiley,Economics and the environment,2020
GW - PERS-2110,PERS 1001 - Valamotamed - Fall 2023,"Valamotamed, Maziar",PERS 1001,,9087282176; 9789087282172; 9789400601949; 9400601948,persian in use an elementary textbook of language and culture - sedi,Leiden University Press,Persian in use : an elementary textbook of language and culture /,[2015]
GW - PHIL-71,PHIL 2133 - Venner - Fall 2023,"Venner, Christopher",PHIL 2133,,1570754322; 9781570754326,mohandas gandhi essential writings - gand,Orbis Books,Mohandas Gandhi : essential writings /,2002.
GW - PHYS-233,PHYS 3165 - White - Fall 2023,"White, Gary",PHYS 3165,,,foundations of electromagnetic theory - reit,Addison-Wesley Pub Company,"Foundations of electromagnetic theory,",[1960]
GW - PHYS-233,PHYS 3165 - White - Fall 2023,"White, Gary",PHYS 3165,,9780201500646; 0201500647; 9780201510034; 0201510030; 9780201510041; 0201510049; 9780201510058; 0201510057; 0201510033,feynman lectures on physics - feyn,Addison-Wesley,The Feynman lectures on physics /,[1989]
GW - PHYS-233,PHYS 3165 - White - Fall 2023,"White, Gary",PHYS 3165,,9780393962512; 0393962512,div grad curl and all that an informal text on vector calculus - sche,WW Norton,"Div, grad, curl, and all that : an informal text on vector calculus /",[1992]
GW - PPPA-1557,PPPA 6053 - Niu - Fall 2023,"Niu, Meili",PPPA 6053,,1506326846; 9781506326849; 9781506326863; 1506326862,financial management for public health and not for profit organizations - fink,CQ Press an imprint of Sage Publications Incorporated,"Financial management for public, health, and not-for-profit organizations /",[2017]
GW - PSC-20,PSC 1001 - Croatti - Fall 2023,"Croatti, Mark",PSC 1001,,039342295X; 9780393422955; 9780393532869; 0393532860,cases and concepts in comparative politics - o'ne,WW Norton & Company,Cases and concepts in comparative politics /,[2021]
GW - PSC-20,PSC 1001 - Kramon - Fall 2023,"Kramon, Eric",PSC 1001,,0134562674; 9780134562674,comparative politics - samu,Pearson,Comparative politics /,[2018]
GW - PSC-20,PSC 1001 - Morgan - Fall 2023,"Morgan, Kimberly",PSC 1001,,039342295X; 9780393422955; 9780393532869; 0393532860,cases and concepts in comparative politics - o'ne,WW Norton & Company,Cases and concepts in comparative politics /,[2021]
GW - PSC-20,PSC 2440 - Olson - Fall 2023,"Olson, Lawrence",PSC 2440,,0198707568; 9780198707561,international relations theories discipline and diversity -,Oxford University Press,International relations theories : discipline and diversity /,[2016]
GW - PSC-20,PSC 2449 - Beyoghlow - Fall 2023,"Beyoghlow, Kamal",PSC 2449,,9780393920109; 0393920100,spread of nuclear weapons an enduring debate - saga,WW Norton & Co,The spread of nuclear weapons : an enduring debate /,2013.
GW - PSC-20,PSC 2476 - Karam - Fall 2023,"Karam, Joyce",PSC 2476,,0205968139; 9780205968138,history of the arab israeli conflict - bick,Routledge,A history of the Arab-Israeli conflict /,2016.
GW - PSC-20,PSC 2476 - Karam - Fall 2023,"Karam, Joyce",PSC 2476,,9781596913431; 1596913436,lemon tree an arab a jew and the heart of the middle east - tola,Bloomsbury,"The lemon tree : an Arab, a Jew, and the heart of the Middle East /",2007.
GW - PSC-20,PSC 6370 - Dickson - Fall 2023,"Dickson, Bruce",PSC 6370,,0679645381; 9780679645382; 0679643478; 9780679643470,wealth and power china s long march to the twenty first century - sche,Random House,Wealth and power : China's long march to the twenty-first century /,2013
GW - PSC-20,PSC 6370 - Dickson - Fall 2023,"Dickson, Bruce",PSC 6370,,9780679643470; 0679643478; 9780812976250; 0812976258; 9780679645382; 0679645381,wealth and power china s long march to the twenty first century - sche,Random House,Wealth and power : China's long march to the twenty-first century /,2013.
GW - PSC-20,PSC 6372 - Sutter - Fall 2023,"Sutter, Robert",PSC 6372,,150953749X; 9781509537495; 9781509537518; 1509537511,world according to china - econ,Polity,The world according to China /,2022.
GW - PSC-20,PSC 6372 - Sutter - Fall 2023,"Sutter, Robert",PSC 6372,,9781503634152; 1503634159; 9781503634145; 1503634140,dragon roars back transformational leaders and dynamics of chinese foreign policy - zhao,Stanford University Press,The dragon roars back : transformational leaders and dynamics of Chinese foreign policy /,[2023]
GW - PSTD-1546,PSTD 1010 - McCarthy - Fall 2023,"McCarthy, Eli",PSTD 1010,,0190217138; 9780190217136,invitation to peace studies - wood,Oxford University Press,Invitation to peace studies /,2016.
GW - PSTD-1546,PSTD 1010 - McCarthy - Fall 2023,"McCarthy, Eli",PSTD 1010,,1561483907; 9781561483907,little book of conflict transformation - lede,Good Books,The little book of conflict transformation /,[2003]
GW - PSTD-1546,PSTD 1010 - McCarthy - Fall 2023,"McCarthy, Eli",PSTD 1010,,1561488232; 9781561488230; 168099378X; 9781680993783,little book of restorative justice - zehr,Good Books,The little book of restorative justice /,[2015]
GW - PSTD-1546,PSTD 1010 - McCarthy - Fall 2023,"McCarthy, Eli",PSTD 1010,,1680993437; 9781680993431; 9781680993448; 1680993445,little book of race and restorative justice black lives healing and us social transformation - davi,Good Books,"The little book of race and restorative justice : black lives, healing, and US social transformation /",2019.
GW - PSYC-63,PSYC 1001 - Calabrese - Fall 2023,"Calabrese, Sarah",PSYC 1001,,0135198003; 9780135198001; 1292090588; 9781292090580,psychology - cicc,Pearson,Psychology /,[2020]
GW - PSYC-63,PSYC 2012 - Stock - Fall 2023,"Stock, Michelle",PSYC 2012,,0137633645; 9780137633647; 9780137633616; 0137633610,social psychology - aron,Pearson,Social psychology /,[2022]
GW - PSYC-63,PSYC 2013 - Forssell - Fall 2023,"Forssell, Stephen",PSYC 2013,,1071851772; 9781071851777,lifespan development in context a topical approach - kuth,SAGE,Lifespan development in context : a topical approach /,[2024]
GW - PSYC-63,PSYC 2014 - Dopkins - Fall 2023,"Dopkins, Stephen",PSYC 2014,,9780716756675; 0716756676; 9781464128769; 1464128766,cognition theory and practice - revl,Worth Publishers,Cognition : theory and practice /,©2013.
GW - PSYC-63,PSYC 2015 - Abuirqeba - Fall 2023,"Abuirqeba, Haedar",PSYC 2015,,1319254381; 9781319254384,an introduction to brain and behavior - kolb,Worth Publishers,An introduction to brain and behavior /,2023.
GW - PSYC-63,PSYC 2101 - Keller - Fall 2023,"Keller, Donald",PSYC 2101,,1453335501; 9781453335505,research methods core concepts and skills for psychology - pric,FlatWorld Knowledge,Research methods : core concepts and skills for psychology /,[2021]
GW - PSYC-63,PSYC 2101 - Moore - Fall 2023,"Moore, Philip",PSYC 2101,,1260718905; 9781260718904; 1260883051; 9781260883053; 9781260883046; 1260883043; 9781260883077; 1260883078,methods in behavioral research - cozb,McGraw Hill LLC,Methods in behavioral research /,[2024]
GW - PSYC-63,PSYC 2508 - Schell - Fall 2023,"Schell, Dennis",PSYC 2508,,,man s search for meaning an introduction to logotherapy - fran,Beacon Press,Man's search for meaning; an introduction to logotherapy.,[1963]
GW - PSYC-63,PSYC 2508 - Schell - Fall 2023,"Schell, Dennis",PSYC 2508,,1480402001; 9781480402003,art of loving - from,Open Road Integrated Media,Art of loving /,1956.
GW - PSYC-63,PSYC 2508 - Schell - Fall 2023,"Schell, Dennis",PSYC 2508,,9780395081341; 0395081343; 9780395084090; 0395084091,on becoming a person a therapist s view of psychotherapy - roge,Houghton Mifflin Company,On Becoming a Person : A Therapist's View of Psychotherapy /,[1961]
GW - PSYC-63,PSYC 2508 - Schell - Fall 2023,"Schell, Dennis",PSYC 2508,,9780471293095; 0471293091,toward a psychology of being - masl,J Wiley and Sons,Toward a psychology of being /,[1999]
GW - PUBH-306,PUBH 1101 - Fall 2023,,PUBH 1101,,1284118444; 9781284118445,public health 101 improving community health - rieg,Jones & Bartlett Learning,Public health 101 : improving community health /,[2019]
GW - PUBH-306,PUBH 1101 - Fall 2023,,PUBH 1101,,1284118460; 9781284118469; 1284118444; 9781284118445,public health 101 improving community health - rieg,Jones & Bartlett Learning,Public health 101 : improving community health /,2019.
GW - PUBH-306,PUBH 3130 - Musumeci - Fall 2023,,PUBH 3130,,1119815681; 9781119815686; 1119815738; 9781119815730; 9781119788577; 1119788579; 9781119815716; 1119815711,health economics and financing - getz,John Wiley and Sons Incorporated,Health economics and financing /,[2022]
GW - PUBH-306,PUBH 6003 - Bernat - Fall 2023,"Bernat, Debra",PUBH 6003,,0323552293; 9780323552295,gordis epidemiology - cele,Elsevier,Gordis Epidemiology /,[2019]
GW - PUBH-306,PUBH 6003 - Fall 2023,"Bernat, Debra; Young, Heather",PUBH 6003,,0323552293; 9780323552295,gordis epidemiology - cele,Elsevier,Gordis Epidemiology /,[2019]
GW - REL-226,REL 1003 - Eisen - Fall 2023,"Eisen, Robert",REL 1003,,0197543782; 9780197543788; 9780197546499; 0197546498; 0197543790; 9780197543795; 9780197570722; 0197570720,invitation to world religions - brod,Oxford University Press,Invitation to world religions /,[2022]
GW - SLAV-1475,SLAV 1001 - Fall 2023,"Ovtcharenko, Elena; Shatalina, Galina",SLAV 1001,,0367612801; 9780367612801; 9781003104971; 1003104975,голоса a basic course in russian - robi,Routledge,Голоса : a basic course in Russian /,2023.
GW - SMPA-300,SMPA 2112 - Kelley - Fall 2023,"Kelley, Thomas",SMPA 2112,,0761165290; 9780761165293; 0761163239; 9780761163237,how to shoot video that doesn t suck - stoc,Workman Pub Co,How to shoot video that doesn't suck,c2011.
GW - SMPA-300,SMPA 2113 - Osder - Fall 2023,"Osder, Jason",SMPA 2113,,9780133597271; 013359727X; 9780321965516; 0321965515,don t make me think revisited a common sense approach to web usability - krug,New Riders Peachpit Pearson Education,"Don't make me think, revisited : a common sense approach to Web usability /",2014.
GW - SOC-64,SOC 1001 - Kekelia - Fall 2023,"KeKelia, Elene",SOC,,,presentation of self in everyday life - goff,Doubleday,The presentation of self in everyday life /,1959.
GW - SOC-64,SOC 1001 - Kekelia - Fall 2023,"KeKelia, Elene",SOC,,0393428214; 9780393428216; 9780393537963; 039353796X; 0393538028; 9780393538021,introduction to sociology - gidd,WW Norton and Company,Introduction to sociology /,2020.
GW - SOC-64,SOC 1003 - Axelrod - Fall 2023,"Axelrod, Brooke",SOC 1003,,1071841904; 9781071841907; 9781071841891; 1071841890,criminal in justice a critical introduction - fich,SAGE Publications Inc,Criminal (in)justice : a critical introduction /,[2023]
GW - SOC-64,SOC 1003 - Axelrod - Fall 2023,"Axelrod, Brooke",SOC 1003,,1620971941; 9781620971949,new jim crow mass incarceration in the age of colorblindness - alex,The New Press,The new Jim Crow : mass incarceration in the age of colorblindness /,[2020].
GW - SOC-64,SOC 1003 - Fall 2023,"Goliday, Sean; Johnson, Andrea",SOC 1003,,1544398735; 9781544398730; 9781544398747; 1544398743; 9781544398754; 1544398751; 9781544398761; 154439876X,introduction to criminal justice systems diversity and change - renn,SAGE Publications Inc,"Introduction to criminal justice : systems, diversity, and change /",[2022]
GW - SOC-64,SOC 2103 - Brantley - Fall 2023,"Brantley, Jill",SOC 2103,,,,,,
GW - SOC-64,SOC 2103 - Brantley - Fall 2023,"Brantley, Jill",SOC 2103,,1577663071; 9781577663072,masters of sociological thought ideas in historical and social context - cose,,Masters of sociological thought : ideas in historical and social context,1977
GW - SOC-64,SOC 2103 - Lengermann - Fall 2023,"Lengermann, Patricia",SOC 2103,,1577665090; 9781577665090,women founders sociology and social theory 1830 1930 a text reader -,Waveland Press,"The women founders : sociology and social theory, 1830-1930 : a text/reader /",2007.
GW - SOC-64,SOC 2135 - Umeh - Fall 2023,"Umeh, Zimife",SOC 2135,,1506361021; 9781506361024,juvenile delinquency pathways and prevention - mall,Sage Publications Incorporated,Juvenile delinquency : pathways and prevention /,[2019]
GW - SOC-64,SOC 2184 - Cooper - Fall 2023,"Cooper, Chiara",SOC 2184,,9781324001706; 1324001704; 0393541339; 9780393541335; 9781324001713; 1324001712,sexual citizens a landmark study of sex power and assault on campus - hirs,WW Norton & Company,"Sexual citizens : a landmark study of sex, power, and assault on campus /",[2020]
GW - SOC-64,SOC 2185 - Eliason - Fall 2023,"Eliason, Kristin",SOC 2185,,1543829333; 9781543829334; 9781543829341; 1543829341,essentials of victimology crime victims theories controversies and victims rights - yage,Aspen Publishing,"Essentials of victimology : crime victims, theories, controversies, and victims' rights /",[2022]
GW - SOC-64,SOC 2189 - Umeh - Fall 2023,"Umeh, Zimife",SOC 2189,,1611638682; 9781611638684; 9781531000134; 1531000134,rethinking the reentry paradigm a blueprint for action - hous,Carolina Academic Press,Rethinking the reentry paradigm : a blueprint for action /,[2023]
GW - SOC-64,SOC 6238 - Silver - Fall 2023,"Silver, Hilary",SOC 6238,,1119527368; 9781119527367; 9781119527336; 1119527333; 9781119527381; 1119527384,classical sociological theory -,John Wiley & Sons Ltd,Classical sociological theory /,2022.
GW - SOC-64,SOC 6238 - Silver - Fall 2023,"Silver, Hilary",SOC 6238,,1544354827; 9781544354828; 9781544354835; 1544354835,classical sociological theory - ritz,SAGE,Classical sociological theory.,2020.
GW - SPAN-191,SPAN 1001 - Leyva - Fall 2023,,SPAN 1001,,0135162904; 9780135162903,gente a task based approach to learning spanish - fuen,Pearson,Gente : a task-based approach to learning Spanish /,2020.
GW - SPAN-191,SPAN 1002 - Pichs - Fall 2023,"Pichs, Ariadna",SPAN 1002,,0135162904; 9780135162903,gente a task based approach to learning spanish - fuen,Pearson,Gente : a task-based approach to learning Spanish /,2020.
GW - SPAN-191,SPAN 1012 - Goldenberg - Fall 2023,"Goldenberg, Carola",SPAN 1012,,0135162904; 9780135162903,gente a task based approach to learning spanish - fuen,Pearson,Gente : a task-based approach to learning Spanish /,2020.
GW - SPAN-191,SPAN 1013 - Fall 2023,"Andrade Fernandez, Ricardo; Hetrovicz, Lauren",SPAN 1013,,0135162904; 9780135162903,gente a task based approach to learning spanish - fuen,Pearson,Gente : a task-based approach to learning Spanish /,2020.
GW - SPAN-191,SPAN 1014 - Fall 2023,"Bistline-Bonilla, Christine; Goldenberg, Carola; Hetrovicz, Lauren; Parker, Edward",SPAN 1014,,0135162904; 9780135162903,gente a task based approach to learning spanish - fuen,Pearson,Gente : a task-based approach to learning Spanish /,2020.
GW - SPAN-191,SPAN 2005 - Fall 2023,,SPAN 2005,,1793558272; 9781793558275,puntos de encuentro a cross cultural approach to advanced spanish - fuen,Cognella Inc,Puntos de encuentro : a cross-cultural approach to advanced Spanish /,[2023]
GW - SPAN-191,SPAN 2006 - Fall 2023,,SPAN 2006,,1793558272; 9781793558275,puntos de encuentro a cross cultural approach to advanced spanish - fuen,Cognella Inc,Puntos de encuentro : a cross-cultural approach to advanced Spanish /,[2023]
GW - SPAN-191,SPAN 2006 - Valdivia Ruiz - Fall 2023,"Valdivia Ruiz, Victor",SPAN 2006,,1118744861; 9781118744864; 111938608X; 9781119386087; 9781119321477; 1119321476,conversaciones escritas lectura y redaccion en contexto - poto,Wiley,Conversaciones escritas : lectura y redacción en contexto /,[2017]
GW - SPHR-114,SLHS 1011 - Fall 2023,"Dorn, Melanie-Joy; McKeon, Matthew",SLHS 1011,,1597567221; 9781597567220,your voice is your business the science and art of communication - baro,Plural Publishing Inc,Your voice is your business : the science and art of communication /,[2016]
GW - SPHR-114,SLHS 1011 - Fall 2023,"Dorn, Melanie-Joy; McKeon, Matthew",SLHS 1011,,1597569526; 9781597569521; 1597567221; 9781597567220,your voice is your business the science and art of communication - baro,Plural Publishing Inc,Your voice is your business : the science and art of communication /,2016.
GW - SPHR-114,SLHS 1071 - Fall 2023,"Barrett, Laura; Dorn, Melanie-Joy",SLHS 1071,,1337559571; 9781337559577,introduction to language - from,Cengage,An introduction to language /,2019
GW - SPHR-114,SLHS 2104/2104W - Cardman - Fall 2023,"Cardman, Erin",SLHS 2104/2104W,,0134801474; 9780134801476; 0134800311; 9780134800318,introduction to communication disorders a lifespan evidence based perspective - owen,Pearson,Introduction to communication disorders : a lifespan evidence-based perspective /,[2019]
GW - STAT-227,STAT 1051 - Zhang - Fall 2023,"Zhang, Xiaoke",STAT 1051,,9780136855309; 013685530X; 0136855350; 9780136855354,statistics for business and economics - mccl,Pearson Education,Statistics for business and economics /,2022
GW - STAT-227,STAT 1053 - Bose - Fall 2023,"Bose, Sudip",STAT 1053,,9780134080215; 0134080211,statistics - mccl,Pearson,Statistics /,[2017]
GW - STAT-227,STAT 1053 - Bose - Fall 2023,"Bose, Sudip",STAT 1053,,9780136855309; 013685530X; 0136855350; 9780136855354,statistics for business and economics - mccl,Pearson Education,Statistics for business and economics /,2022
GW - STAT-227,STAT 2183W - Modarres - Fall 2023,"Modarres, Reza",STAT 2183W,,9781305269477; 1305269470,"introduction to statistical methods data analysis - ott,",Cengage Learning,An introduction to statistical methods & data analysis /,[2016]
GW - STAT-227,STAT 6210 - Lai - Fall 2023,"Lai, Yinglei",STAT 6210,,9780131465329; 0131465325,applied statistics and the sas(r) programming language - cody,Pearson Prentice Hall,Applied statistics and the SAS® programming language /,©2006.
GW - STAT-227,STAT 6210 - Lai - Fall 2023,"Lai, Yinglei",STAT 6210,,9781584884699; 158488469X,"statistical analysis of medical data using sas - der,",Chapman and Hall/CRC,Statistical analysis of medical data using SAS /,2006.
GW - TEXT-1430,Top Textbooks - Fall 2023,,Top Textbooks,,,man s search for meaning an introduction to logotherapy - fran,Beacon Press,Man's search for meaning; an introduction to logotherapy.,[1963]
GW - TEXT-1430,Top Textbooks - Fall 2023,,Top Textbooks,,,presentation of self in everyday life - goff,Doubleday,The presentation of self in everyday life /,1959.
GW - TEXT-1430,Top Textbooks - Fall 2023,,Top Textbooks,,,speaker s guidebook text and reference - o'ha,Bedford/St Martin's,A speaker's guidebook : text and reference /,2022
GW - TEXT-1430,Top Textbooks - Fall 2023,,Top Textbooks,,0132729946; 9780132729949; 0273765604; 9780273765608; 1299924409; 9781299924406,organizational theory design and change - jone,Pearson,"Organizational theory, design, and change /",[2013]
GW - TEXT-1430,Top Textbooks - Fall 2023,,Top Textbooks,,0134184246; 9780134184241; 0134167120; 9780134167121,microeconomics - pind,Pearson,Microeconomics /,[2018]
GW - TEXT-1430,Top Textbooks - Fall 2023,,Top Textbooks,,0134380924; 9780134380926,public speaking finding your voice - turn,Pearson,Public speaking : finding your voice /,[2018]
GW - TEXT-1430,Top Textbooks - Fall 2023,,Top Textbooks,,0134562674; 9780134562674,comparative politics - samu,Pearson,Comparative politics /,[2018]
GW - TEXT-1430,Top Textbooks - Fall 2023,,Top Textbooks,,0134801474; 9780134801476; 0134800311; 9780134800318,introduction to communication disorders a lifespan evidence based perspective - owen,Pearson,Introduction to communication disorders : a lifespan evidence-based perspective /,[2019]
GW - TEXT-1430,Top Textbooks - Fall 2023,,Top Textbooks,,0134874366; 9780134874364; 0134990773; 9780134990774; 0134990781; 9780134990781,cosmic perspective - benn,Pearson,The cosmic perspective /,[2020]
GW - TEXT-1430,Top Textbooks - Fall 2023,,Top Textbooks,,0134898397; 9780134898391,globalization and diversity geography of a changing world - pric,Pearson Education Inc,Globalization and diversity : geography of a changing world /,[2020]
GW - TEXT-1430,Top Textbooks - Fall 2023,,Top Textbooks,,0135162904; 9780135162903,gente a task based approach to learning spanish - fuen,Pearson,Gente : a task-based approach to learning Spanish /,2020.
GW - TEXT-1430,Top Textbooks - Fall 2023,,Top Textbooks,,0135188741; 9780135188743; 9780135988046; 0135988047,campbell biology -,Pearson,Campbell biology /,[2021]
GW - TEXT-1430,Top Textbooks - Fall 2023,,Top Textbooks,,0135198003; 9780135198001; 1292090588; 9781292090580,psychology - cicc,Pearson,Psychology /,[2020]
GW - TEXT-1430,Top Textbooks - Fall 2023,,Top Textbooks,,0135827140; 9780135827147,mcknight s physical geography a landscape appreciation - hess,Pearson,McKnight's physical geography : a landscape appreciation /,[2022]
GW - TEXT-1430,Top Textbooks - Fall 2023,,Top Textbooks,,0136968473; 9780136968474; 1292439556; 9781292439556; 9781292439600; 1292439602,interpersonal communication book - devi,Pearson,The interpersonal communication book /,[2022]
GW - TEXT-1430,Top Textbooks - Fall 2023,,Top Textbooks,,0137633645; 9780137633647; 9780137633616; 0137633610,social psychology - aron,Pearson,Social psychology /,[2022]
GW - TEXT-1430,Top Textbooks - Fall 2023,,Top Textbooks,,0190217138; 9780190217136,invitation to peace studies - wood,Oxford University Press,Invitation to peace studies /,2016.
GW - TEXT-1430,Top Textbooks - Fall 2023,,Top Textbooks,,0190602694; 9780190602697; 9780190602703; 0190602708,great hanoi rat hunt empire disease and modernity in french colonial vietnam - vann,Oxford University Press,"The great Hanoi rat hunt : empire, disease, and modernity in French colonial Vietnam /",[2019]
GW - TEXT-1430,Top Textbooks - Fall 2023,,Top Textbooks,,0197543782; 9780197543788; 9780197546499; 0197546498; 0197543790; 9780197543795; 9780197570722; 0197570720,invitation to world religions - brod,Oxford University Press,Invitation to world religions /,[2022]
GW - TEXT-1430,Top Textbooks - Fall 2023,,Top Textbooks,,0198707568; 9780198707561,international relations theories discipline and diversity -,Oxford University Press,International relations theories : discipline and diversity /,[2016]
GW - TEXT-1430,Top Textbooks - Fall 2023,,Top Textbooks,,0205968139; 9780205968138,history of the arab israeli conflict - bick,Routledge,A history of the Arab-Israeli conflict /,2016.
GW - TEXT-1430,Top Textbooks - Fall 2023,,Top Textbooks,,0357022319; 9780357022313; 0357020758; 9780357020753,liberty equality power a history of the american people to 1877 volume 1 - murr,Cengage,"Liberty, equality, power : a history of the American people.",2018
GW - TEXT-1430,Top Textbooks - Fall 2023,,Top Textbooks,,0367612801; 9780367612801; 9781003104971; 1003104975,голоса a basic course in russian - robi,Routledge,Голоса : a basic course in Russian /,2023.
GW - TEXT-1430,Top Textbooks - Fall 2023,,Top Textbooks,,039342295X; 9780393422955; 9780393532869; 0393532860,cases and concepts in comparative politics - o'ne,WW Norton & Company,Cases and concepts in comparative politics /,[2021]
GW - TEXT-1430,Top Textbooks - Fall 2023,,Top Textbooks,,0393428214; 9780393428216; 9780393537963; 039353796X; 0393538028; 9780393538021,introduction to sociology - gidd,WW Norton and Company,Introduction to sociology /,2020.
GW - TEXT-1430,Top Textbooks - Fall 2023,,Top Textbooks,,0470419970; 9780470419977; 0470556730; 9780470556733,materials science and engineering an introduction - call,John Wiley & Sons Inc,Materials science and engineering : an introduction /,[2010]
GW - TEXT-1430,Top Textbooks - Fall 2023,,Top Textbooks,,0664234976; 9780664234973,everyday law in biblical israel an introduction - west,Westminster John Knox Press,Everyday law in biblical Israel : an introduction /,c2009.
GW - TEXT-1430,Top Textbooks - Fall 2023,,Top Textbooks,,0674043898; 9780674043893; 0674013123; 9780674013124,two princes of calabar an eighteen century atlantic odyssey - spar,Harvard University Press,The two princes of Calabar : an eighteen century Atlantic odyssey /,[2004]
GW - TEXT-1430,Top Textbooks - Fall 2023,,Top Textbooks,,0745687210; 9780745687216; 0745687229; 9780745687223,contemporary conflict resolution the prevention management and transformation of deadly conflicts - rams,Polity Press,"Contemporary conflict resolution : the prevention, management and transformation of deadly conflicts /",2016.
GW - TEXT-1430,Top Textbooks - Fall 2023,,Top Textbooks,,0761165290; 9780761165293; 0761163239; 9780761163237,how to shoot video that doesn t suck - stoc,Workman Pub Co,How to shoot video that doesn't suck,c2011.
GW - TEXT-1430,Top Textbooks - Fall 2023,,Top Textbooks,,0788503782; 9780788503788,law collections from mesopotamia and asia minor - roth,Scholars Press,Law collections from Mesopotamia and Asia Minor /,c1997.
GW - TEXT-1430,Top Textbooks - Fall 2023,,Top Textbooks,,1071841904; 9781071841907; 9781071841891; 1071841890,criminal in justice a critical introduction - fich,SAGE Publications Inc,Criminal (in)justice : a critical introduction /,[2023]
GW - TEXT-1430,Top Textbooks - Fall 2023,,Top Textbooks,,1071851772; 9781071851777,lifespan development in context a topical approach - kuth,SAGE,Lifespan development in context : a topical approach /,[2024]
GW - TEXT-1430,Top Textbooks - Fall 2023,,Top Textbooks,,1101217561; 9781101217566; 1594482853; 9781594482854,beautiful things that heaven bears - meng,Penguin Publishing Group,The Beautiful Things That Heaven Bears.,2007.
GW - TEXT-1430,Top Textbooks - Fall 2023,,Top Textbooks,,1118744861; 9781118744864; 111938608X; 9781119386087; 9781119321477; 1119321476,conversaciones escritas lectura y redaccion en contexto - poto,Wiley,Conversaciones escritas : lectura y redacción en contexto /,[2017]
GW - TEXT-1430,Top Textbooks - Fall 2023,,Top Textbooks,,1259977269; 9781259977268; 1259977277; 9781259977275,vector mechanics for engineers statics - beer,McGraw-Hill Education,Vector mechanics for engineers.,[2019]
GW - TEXT-1430,Top Textbooks - Fall 2023,,Top Textbooks,,1260718905; 9781260718904; 1260883051; 9781260883053; 9781260883046; 1260883043; 9781260883077; 1260883078,methods in behavioral research - cozb,McGraw Hill LLC,Methods in behavioral research /,[2024]
GW - TEXT-1430,Top Textbooks - Fall 2023,,Top Textbooks,,1264094728; 9781264094721; 1266715967; 9781266715969; 9781266716768; 1266716769,environmental geology - mont,McGraw Hill LLC,Environmental geology /,[2023]
GW - TEXT-1430,Top Textbooks - Fall 2023,,Top Textbooks,,1281346470; 9781281346476; 9786611346478; 6611346473; 0191518182; 9780191518188; 0198742428; 9780198742425; 0198112572; 9780198112570,oxford history of world cinema -,Oxford University Press,The Oxford history of world cinema,1996.
GW - TEXT-1430,Top Textbooks - Fall 2023,,Top Textbooks,,1281365327; 9781281365323; 9786611365325; 661136532X; 1403981795; 9781403981790; 1403966060; 9781403966063; 140396789X; 9781403967893,sorrow of the lonely and the burning of the dancers - schi,Palgrave Macmillan,The sorrow of the lonely and the burning of the dancers /,2005.
GW - TEXT-1430,Top Textbooks - Fall 2023,,Top Textbooks,,1282772759; 9781282772755; 9786612772757; 6612772751; 0520945530; 9780520945531; 0520253159; 9780520253155; 0520260880; 9780520260887,theater in a crowded fire ritual and spirituality at burning man - gilm,University of California Press,Theater in a crowded fire ritual and spirituality at Burning Man /,2010.
GW - TEXT-1430,Top Textbooks - Fall 2023,,Top Textbooks,,1284118444; 9781284118445,public health 101 improving community health - rieg,Jones & Bartlett Learning,Public health 101 : improving community health /,[2019]
GW - TEXT-1430,Top Textbooks - Fall 2023,,Top Textbooks,,1284118460; 9781284118469; 1284118444; 9781284118445,public health 101 improving community health - rieg,Jones & Bartlett Learning,Public health 101 : improving community health /,2019.
GW - TEXT-1430,Top Textbooks - Fall 2023,,Top Textbooks,,1285433467; 9781285433462,developing chinese fluency an introductory course ni wo ta volume 2 - zhan,Cengage Learning,"Developing Chinese fluency, an introductory course. Ni wo ta /",[2015]
GW - TEXT-1430,Top Textbooks - Fall 2023,,Top Textbooks,,129229115X; 9781292291154; 1292291206; 9781292291208; 9781292291192; 1292291192,economic development - toda,Pearson,Economic development /,2020.
GW - TEXT-1430,Top Textbooks - Fall 2023,,Top Textbooks,,1315366673; 9781315366678; 1498798888; 9781498798884; 1498798861; 9781498798860,mathematics of politics - robi,CRC Press,The mathematics of politics /,[2017]
GW - TEXT-1430,Top Textbooks - Fall 2023,,Top Textbooks,,1319055702; 9781319055707,for all practical purposes mathematical literacy in today s world -,Macmillan Learning WH Freeman and Company,For all practical purposes : mathematical literacy in today's world /,[2022]
GW - TEXT-1430,Top Textbooks - Fall 2023,,Top Textbooks,,1319055702; 9781319055707; 1319057462; 9781319057466; 1319465021; 9781319465025,for all practical purposes mathematical literacy in today s world -,Macmillan Learning,For all practical purposes : mathematical literacy in today's world.,[2022].
GW - TEXT-1430,Top Textbooks - Fall 2023,,Top Textbooks,,1319254381; 9781319254384,an introduction to brain and behavior - kolb,Worth Publishers,An introduction to brain and behavior /,2023.
GW - TEXT-1430,Top Textbooks - Fall 2023,,Top Textbooks,,1405189320; 9781405189323; 9781405189316; 1405189312; 9781118241059; 1118241053; 9781118241004; 1118241002; 9781118240984; 1118240987; 1118240952; 9781118240953; 1118240936; 9781118240939,introduction to human environment geography local dynamics and global processes - mose,Wiley-Blackwell,An introduction to human-environment geography : local dynamics and global processes /,[2014]
GW - TEXT-1430,Top Textbooks - Fall 2023,,Top Textbooks,,1453335501; 9781453335505,research methods core concepts and skills for psychology - pric,FlatWorld Knowledge,Research methods : core concepts and skills for psychology /,[2021]
GW - TEXT-1430,Top Textbooks - Fall 2023,,Top Textbooks,,1453337628; 9781453337622,essentials of geographic information systems - shin,FlatWorld,Essentials of geographic information systems /,[2022]
GW - TEXT-1430,Top Textbooks - Fall 2023,,Top Textbooks,,145761815X; 9781457618154,voices of decolonization a brief history with documents - shep,Bedford/St Martin's,Voices of decolonization : a brief history with documents /,[2015]
GW - TEXT-1430,Top Textbooks - Fall 2023,,Top Textbooks,,1478634898; 9781478634898,rhetorical criticism exploration and practice - foss,Waveland Press,Rhetorical criticism : exploration and practice /,[2018]
GW - TEXT-1430,Top Textbooks - Fall 2023,,Top Textbooks,,1480402001; 9781480402003,art of loving - from,Open Road Integrated Media,Art of loving /,1956.
GW - TEXT-1430,Top Textbooks - Fall 2023,,Top Textbooks,,1506361021; 9781506361024,juvenile delinquency pathways and prevention - mall,Sage Publications Incorporated,Juvenile delinquency : pathways and prevention /,[2019]
GW - TEXT-1430,Top Textbooks - Fall 2023,,Top Textbooks,,1541672615; 9781541672611; 9781541672598; 1541672593; 9781541672604; 1541672607,"america for americans a history of xenophobia in the united states - lee,",Basic Books,America for Americans : a history of xenophobia in the United States /,2021.
GW - TEXT-1430,Top Textbooks - Fall 2023,,Top Textbooks,,1543829333; 9781543829334; 9781543829341; 1543829341,essentials of victimology crime victims theories controversies and victims rights - yage,Aspen Publishing,"Essentials of victimology : crime victims, theories, controversies, and victims' rights /",[2022]
GW - TEXT-1430,Top Textbooks - Fall 2023,,Top Textbooks,,1544398735; 9781544398730; 9781544398747; 1544398743; 9781544398754; 1544398751; 9781544398761; 154439876X,introduction to criminal justice systems diversity and change - renn,SAGE Publications Inc,"Introduction to criminal justice : systems, diversity, and change /",[2022]
GW - TEXT-1430,Top Textbooks - Fall 2023,,Top Textbooks,,1561483907; 9781561483907,little book of conflict transformation - lede,Good Books,The little book of conflict transformation /,[2003]
GW - TEXT-1430,Top Textbooks - Fall 2023,,Top Textbooks,,1561488232; 9781561488230; 168099378X; 9781680993783,little book of restorative justice - zehr,Good Books,The little book of restorative justice /,[2015]
GW - TEXT-1430,Top Textbooks - Fall 2023,,Top Textbooks,,1570754322; 9781570754326,mohandas gandhi essential writings - gand,Orbis Books,Mohandas Gandhi : essential writings /,2002.
GW - TEXT-1430,Top Textbooks - Fall 2023,,Top Textbooks,,1577665090; 9781577665090,women founders sociology and social theory 1830 1930 a text reader -,Waveland Press,"The women founders : sociology and social theory, 1830-1930 : a text/reader /",2007.
GW - TEXT-1430,Top Textbooks - Fall 2023,,Top Textbooks,,1589017366; 9781589017368; 9781589017375; 1589017374; 1647121868; 9781647121860; 1647121876; 9781647121877; 9781589019621; 1589019628,al kitaab fii ta allum al arabiyya a textbook for beginning arabic with website part one - بروس,Georgetown University Press,Al-Kitaab fii taʻallum al-ʻArabiyya = A textbook for beginning Arabic with website.,[2021-]
GW - TEXT-1430,Top Textbooks - Fall 2023,,Top Textbooks,,1597567221; 9781597567220,your voice is your business the science and art of communication - baro,Plural Publishing Inc,Your voice is your business : the science and art of communication /,[2016]
GW - TEXT-1430,Top Textbooks - Fall 2023,,Top Textbooks,,1597569526; 9781597569521; 1597567221; 9781597567220,your voice is your business the science and art of communication - baro,Plural Publishing Inc,Your voice is your business : the science and art of communication /,2016.
GW - TEXT-1430,Top Textbooks - Fall 2023,,Top Textbooks,,1605353809; 9781605353807; 160535841X; 9781605358413,neuroscience -,Oxford University Press,Neuroscience /,©2018
GW - TEXT-1430,Top Textbooks - Fall 2023,,Top Textbooks,,1611638682; 9781611638684; 9781531000134; 1531000134,rethinking the reentry paradigm a blueprint for action - hous,Carolina Academic Press,Rethinking the reentry paradigm : a blueprint for action /,[2023]
GW - TEXT-1430,Top Textbooks - Fall 2023,,Top Textbooks,,1620971941; 9781620971949,new jim crow mass incarceration in the age of colorblindness - alex,The New Press,The new Jim Crow : mass incarceration in the age of colorblindness /,[2020].
GW - TEXT-1430,Top Textbooks - Fall 2023,,Top Textbooks,,1624664326; 9781624664328; 1624664334; 9781624664335; 1624664342; 9781624664342,matteo ricci and the catholic mission to china 1583 1610 a short history with documents - hsia,Hackett Publishing Company Inc,"Matteo Ricci and the Catholic mission to China, 1583-1610 : a short history with documents /",[2016]
GW - TEXT-1430,Top Textbooks - Fall 2023,,Top Textbooks,,1624664342; 9781624664342; 1624664326; 9781624664328,matteo ricci and the catholic mission to china 1583 1610 a short history with documents - hsia,Hackett Publishing Company Inc,"Matteo Ricci and the Catholic Mission to China, 1583-1610 A Short History with Documents",2016.
GW - TEXT-1430,Top Textbooks - Fall 2023,,Top Textbooks,,1647121817; 9781647121815; 1647121825; 9781647121822; 9781647121853; 164712185X,alif ba alif baa introduction to arabic letters and sounds - brus,Georgetown University Press,Ālif bāʼ = Alif baa : introduction to Arabic letters and sounds /,[2021]
GW - TEXT-1430,Top Textbooks - Fall 2023,,Top Textbooks,,1680993437; 9781680993431; 9781680993448; 1680993445,little book of race and restorative justice black lives healing and us social transformation - davi,Good Books,"The little book of race and restorative justice : black lives, healing, and US social transformation /",2019.
GW - TEXT-1430,Top Textbooks - Fall 2023,,Top Textbooks,,1684119189; 9781684119189; 1684119766; 9781684119769; 9783447020022; 3447020024,dictionary of modern written arabic arabic english - wehr,Snowball Publishing,A dictionary of modern written Arabic : (Arabic-English) /,1993.
GW - TEXT-1430,Top Textbooks - Fall 2023,,Top Textbooks,,1781682976; 9781781682975; 9781781681909; 1781681902; 9781781685013; 1781685010,beast riding the rails and dodging narcos on the migrant trail - mart,Verso,The beast : riding the rails and dodging narcos on the migrant trail /,2014.
GW - TEXT-1430,Top Textbooks - Fall 2023,,Top Textbooks,,1793558272; 9781793558275,puntos de encuentro a cross cultural approach to advanced spanish - fuen,Cognella Inc,Puntos de encuentro : a cross-cultural approach to advanced Spanish /,[2023]
GW - TEXT-1430,Top Textbooks - Fall 2023,,Top Textbooks,,9780072855357; 0072855355,social conflict escalation stalemate and settlement - prui,McGraw-Hill,"Social conflict : escalation, stalemate, and settlement.",[2004]
GW - TEXT-1430,Top Textbooks - Fall 2023,,Top Textbooks,,9780133597271; 013359727X; 9780321965516; 0321965515,don t make me think revisited a common sense approach to web usability - krug,New Riders Peachpit Pearson Education,"Don't make me think, revisited : a common sense approach to Web usability /",2014.
GW - TEXT-1430,Top Textbooks - Fall 2023,,Top Textbooks,,9780134080215; 0134080211,statistics - mccl,Pearson,Statistics /,[2017]
GW - TEXT-1430,Top Textbooks - Fall 2023,,Top Textbooks,,9780134877174; 0134877179,interpersonal communication relating to others - beeb,Pearson,Interpersonal communication : relating to others /,2020.
GW - TEXT-1430,Top Textbooks - Fall 2023,,Top Textbooks,,9780136855309; 013685530X; 0136855350; 9780136855354,statistics for business and economics - mccl,Pearson Education,Statistics for business and economics /,2022
GW - TEXT-1430,Top Textbooks - Fall 2023,,Top Textbooks,,9780140439052; 0140439056,christmas carol and other christmas writings - dick,Rowland Phototypesetting Ltx; Lays Limited; Penguin Books,"A Christmas carol, and other Christmas writings /",2003.
GW - TEXT-1430,Top Textbooks - Fall 2023,,Top Textbooks,,9780198112570; 0198112572; 9780198742425; 0198742428,oxford history of world cinema -,Oxford University Press,The Oxford history of world cinema /,1996.
GW - TEXT-1430,Top Textbooks - Fall 2023,,Top Textbooks,,9780226775425; 0226775429; 9780226775432; 0226775437,in sorcery s shadow a memoir of apprenticeship among the songhay of niger - stol,University of Chicago Press,In sorcery's shadow : a memoir of apprenticeship among the Songhay of Niger /,1987.
GW - TEXT-1430,Top Textbooks - Fall 2023,,Top Textbooks,,9780299166748; 0299166740,atlantic celts ancient people or modern invention - jame,University of Wisconsin Press,The Atlantic Celts : ancient people or modern invention? /,[1999]
GW - TEXT-1430,Top Textbooks - Fall 2023,,Top Textbooks,,9780321671042; 032167104X,just in time algebra and trigonometry for calculus - muel,Pearson Education,Just-in-time algebra and trigonometry for calculus /,[2013]
GW - TEXT-1430,Top Textbooks - Fall 2023,,Top Textbooks,,9780357664421; 0357664426,france contemporaine - edmi,Cengage Learning,La France contemporaine /,[2023]
GW - TEXT-1430,Top Textbooks - Fall 2023,,Top Textbooks,,9780395081341; 0395081343; 9780395084090; 0395084091,on becoming a person a therapist s view of psychotherapy - roge,Houghton Mifflin Company,On Becoming a Person : A Therapist's View of Psychotherapy /,[1961]
GW - TEXT-1430,Top Textbooks - Fall 2023,,Top Textbooks,,9780439023481; 0439023483; 9780439023528; 0439023521; 9780545310581; 054531058X; 9780545425117; 0545425115; 9781451740752; 1451740751,hunger games - coll,Scholastic Press,The Hunger Games /,2008.
GW - TEXT-1430,Top Textbooks - Fall 2023,,Top Textbooks,,9780471293095; 0471293091,toward a psychology of being - masl,J Wiley and Sons,Toward a psychology of being /,[1999]
GW - TEXT-1430,Top Textbooks - Fall 2023,,Top Textbooks,,9780670022960; 0670022969,american nations a history of the eleven rival regional cultures of north america - wood,Viking,American nations : a history of the eleven rival regional cultures of North America /,2011.
GW - TEXT-1430,Top Textbooks - Fall 2023,,Top Textbooks,,9780670038329; 0670038326,stealing buddha s dinner a memoir - nguy,Viking,Stealing Buddha's dinner : a memoir /,2007.
GW - TEXT-1430,Top Textbooks - Fall 2023,,Top Textbooks,,9780684801520; 0684801523,great gatsby - fitz,Scribner Paperback Fiction,The great Gatsby /,1995.
GW - TEXT-1430,Top Textbooks - Fall 2023,,Top Textbooks,,9780691166407; 0691166404,three stones make a wall the story of archaeology - clin,Princeton University Press,Three stones make a wall : the story of archaeology /,[2017]
GW - TEXT-1430,Top Textbooks - Fall 2023,,Top Textbooks,,9780716756675; 0716756676; 9781464128769; 1464128766,cognition theory and practice - revl,Worth Publishers,Cognition : theory and practice /,©2013.
GW - TEXT-1430,Top Textbooks - Fall 2023,,Top Textbooks,,9780788501043; 0788501046; 9780788501265; 0788501267,law collections from mesopotamia and asia minor - roth,Scholars Press,Law collections from Mesopotamia and Asia Minor /,[1997]
GW - TEXT-1430,Top Textbooks - Fall 2023,,Top Textbooks,,9780801842511; 0801842514; 9780801867156; 0801867150,amarna letters -,Johns Hopkins University Press,The Amarna letters /,[1992]
GW - TEXT-1430,Top Textbooks - Fall 2023,,Top Textbooks,,9780892552900; 0892552905,bread givers a novel - yezi,Persea Books,Bread givers : a novel /,[2003]
GW - TEXT-1430,Top Textbooks - Fall 2023,,Top Textbooks,,9781118488874; 1118488873; 9781118572276; 1118572270,microeconomics - besa,Wiley,Microeconomics /,[2014]
GW - TEXT-1430,Top Textbooks - Fall 2023,,Top Textbooks,,9781264383870; 1264383878; 9781260387544; 1260387542,international business competing in the global marketplace - hill,McGraw-Hill/Irwin,International business : competing in the global marketplace /,[2023]
GW - TEXT-1430,Top Textbooks - Fall 2023,,Top Textbooks,,9781285433530; 128543353X,developing chinese fluency an introductory course ni wo ta volume 1 - zhan,Cengage Learning,"Developing Chinese fluency, an introductory course. Ni wo ta /",[2015]
GW - TEXT-1430,Top Textbooks - Fall 2023,,Top Textbooks,,9781285456799; 1285456793,developing chinese fluency an introductory course literacy workbook volume 1 - zhan,Centage Learning,Developing Chinese fluency. an introductory course : literacy workbook /,©2015.
GW - TEXT-1430,Top Textbooks - Fall 2023,,Top Textbooks,,9781305269477; 1305269470,"introduction to statistical methods data analysis - ott,",Cengage Learning,An introduction to statistical methods & data analysis /,[2016]
GW - TEXT-1430,Top Textbooks - Fall 2023,,Top Textbooks,,9781498798860; 1498798861,mathematics of politics - robi,CRC Press Taylor & Francis group,The mathematics of politics /,[2017]
GW - TEXT-1430,Top Textbooks - Fall 2023,,Top Textbooks,,9781594482854; 1594482853; 9781594489402; 1594489408,beautiful things that heaven bears - meng,Riverhead Books,The beautiful things that heaven bears /,2007.
GW - TEXT-1430,Top Textbooks - Fall 2023,,Top Textbooks,,9781594486685; 1594486689; 9781594487293; 1594487294,how to get filthy rich in rising asia - hami,Riverhead Books,How to Get Filthy Rich in Rising Asia /,2013.
GW - TEXT-1430,Top Textbooks - Fall 2023,,Top Textbooks,,9781596913431; 1596913436,lemon tree an arab a jew and the heart of the middle east - tola,Bloomsbury,"The lemon tree : an Arab, a Jew, and the heart of the Middle East /",2007.
GW - UW-1292,UW 1020 - Abbas - Fall 2023,"Abbas, Nasreen",UW 1020,,073521218X; 9780735212183; 0735212171; 9780735212176,exit west a novel - hami,Penguin Publishing Group,Exit West : A Novel /,2017.
GW - UW-1292,UW 1020 - Abbas - Fall 2023,"Abbas, Nasreen",UW 1020,,0735212201; 9780735212206,exit west a novel - hami,Riverhead Books,Exit west : a novel /,2018.
GW - UW-1292,UW 1020 - Abbas - Fall 2023,"Abbas, Nasreen",UW 1020,,0735217688; 9780735217683; 0525533265; 9780525533269; 0735217696; 9780735217690,home fire - sham,Riverhead Books,Home fire /,2017.
GW - UW-1292,UW 1020 - Abbas - Fall 2023,"Abbas, Nasreen",UW 1020,,073521770X; 9780735217706; 0735217688; 9780735217683,home fire a novel - sham,Penguin Publishing Group,Home Fire : A Novel.,2017.
GW - UW-1292,UW 1020 - Abbas - Fall 2023,"Abbas, Nasreen",UW 1020,,0786564733; 9780786564736; 1594480001; 9781594480003,kite runner - hoss,Penguin Publishing Group,The Kite Runner.,2004.
GW - UW-1292,UW 1020 - Abbas - Fall 2023,"Abbas, Nasreen",UW 1020,,1101666226; 9781101666227; 1101547502; 9781101547502; 159448547X; 9781594485473,kite runner graphic novel - vals,Riverhead Books,The kite runner graphic novel,2011
GW - UW-1292,UW 1020 - Abbas - Fall 2023,"Abbas, Nasreen",UW 1020,,159448547X; 9781594485473,kite runner graphic novel - hoss,Riverhead Books,The kite runner graphic novel /,2011.
GW - UW-1292,UW 1020 - Abbas - Fall 2023,"Abbas, Nasreen",UW 1020,,9780375422300; 0375422307; 9780375714573; 037571457X,persepolis - satr,Pantheon Books,Persepolis /,[2003]
GW - UW-1292,UW 1020 - Donovan - Fall 2023,"Donovan, Julie",UW 1020,,1783785586; 9781783785582; 9781783789405; 1783789409,your wish is my command - muḥ,Granta Books,Your wish is my command /,2023.
GW - UW-1292,UW 1020 - Myers - Fall 2023,"Myers, Danika",UW 1020,,0374539022; 9780374539023,field study - sebr,Farrar Straus and Giroux,Field study /,2021.
GW - UW-1292,UW 1020 - Myers - Fall 2023,"Myers, Danika",UW 1020,,1555977677; 9781555977672,whereas - long,Graywolf Press,Whereas /,[2017]
GW - UW-1292,UW 1020 - Myers - Fall 2023,"Myers, Danika",UW 1020,,9781556593246; 1556593244; 9781556593888; 1556593880,one with others a little book of her days - wrig,Copper Canyon Press,One with others : [a little book of her days] /,[2010]
GW - UW-1292,UW 1020 - Sauer - Fall 2023,"Sauer, Beverly",UW 1020,,9780961392161; 0961392169,cognitive style of powerpoint pitching out corrupts within - tuft,Graphics Press,The cognitive style of PowerPoint : pitching out corrupts within /,2006.
Null,EMSE 6801 - Dano - Fall 2023,"Dano, Eric",EMSE 6801,,1848901542; 9781848901544,architecting systems concepts principles and practice - sill,College Publications,"Architecting systems : concepts, principles and practice /",2014.
Null,EMSE 6801 - Dano - Fall 2023,"Dano, Eric",EMSE 6801,,9781848902350; 1848902352,using systems thinking to solve real world problems - mona,College Publications,Using systems thinking to solve real-world problems /,[2017].
